{
	"context": {
		"domain": "nic2004:60232",
		"country": "IND",
		"city": "std:080",
		"action": "confirm",
		"core_version": "1.1.0",
		"bap_id": "api3.eksecond.in",
		"bap_uri": "https://api3.eksecond.in/ondc",
		"bpp_id": "ondc-preprod.loadshare.net",
		"bpp_uri": "https://ondc-preprod.loadshare.net/logistics/bpp",
		"transaction_id": "632839af4bea4df42dfe336b|4900c7f2-2d2e-4470-8185-8765fd25c96f",
		"message_id": "90592ed8-d53a-48d4-9611-3a3baf8eefd2",
		"timestamp": "2023-03-13T14:28:02.539Z",
		"ttl": "PT30S"
	},
	"message": {
		"order": {
			"@ondc/org/linked_order": {
				"items": [
					{
						"descriptor": {
							"name": "Imperial Special Mutton Biryani"
						},
						"price": {
							"currency": "INR",
							"value": "439.00"
						},
						"category_id": "F&B",
						"quantity": {
							"count": 1,
							"measure": {
								"unit": "Kilogram",
								"value": 1
							}
						}
					},
					{
						"descriptor": {
							"name": "Mutton Biryani Plate"
						},
						"price": {
							"currency": "INR",
							"value": "320.00"
						},
						"category_id": "F&B",
						"quantity": {
							"count": 1,
							"measure": {
								"unit": "Kilogram",
								"value": 1
							}
						}
					}
				],
				"provider": {
					"descriptor": {
						"name": "Rumaan"
					},
					"address": {
						"name": "Rumaan",
						"building": "1",
						"locality": "Doddakannelli",
						"city": "Bengaluru",
						"state": "Karnataka",
						"country": "IND",
						"area_code": "560035"
					}
				},
				"order": {
					"id": "2023-03-13-315099",
					"weight": {
						"unit": "Kilogram",
						"value": 1
					}
				}
			},
			"id": "4e001d06-bc87-4656-b794-de228aacb79d",
			"created_at": "2023-03-13T14:28:02.539Z",
			"updated_at": "2023-03-13T14:28:02.539Z",
			"items": [
				{
					"id": "express",
					"descriptor": {
						"code": "P2P"
					},
					"category_id": "Immediate Delivery"
				}
			],
			"provider": {
				"id": "loadshare@ondc-preprod.loadshare.net"
			},
			"fulfillments": [
				{
					"id": "lsn_prepaid",
					"type": "Prepaid",
					"start": {
						"location": {
							"gps": "12.913371523733359,77.68308302883554",
							"address": {
								"name": "Rumaan",
								"building": "1",
								"locality": "Doddakannelli",
								"city": "Bengaluru",
								"state": "Karnataka",
								"country": "IND",
								"area_code": "560035"
							}
						},
						"instructions": {
							"short_desc": "Pickup code is FXA8",
							"long_desc": "Ensure to display pickup code on counter before pickup"
						},
						"contact": {
							"phone": "9000912423",
							"email": "mohd@gmail.com"
						},
						"person": {
							"name": "Manager"
						}
					},
					"end": {
						"location": {
							"gps": "12.9075050000001, 77.695502",
							"address": {
								"name": "Abdul Aziz",
								"building": "Ambalipura- sarjapur Rd",
								"locality": "3rd Floor, Gold Sand",
								"city": "Bengaluru",
								"state": "Karnataka",
								"country": "IND",
								"area_code": "560035"
							}
						},
						"instructions": {
							"short_desc": "Drop off code is AS3L",
							"long_desc": "Ensure to display pickup code on counter before pickup"
						},
						"contact": {
							"phone": "9000912423",
							"email": "syedabdul12696@gmail.com"
						},
						"person": {
							"name": "Abdul Aziz"
						}
					},
					"tags": {
						"@ondc/org/order_ready_to_ship": "yes"
					}
				}
			],
			"quote": {
				"price": {
					"currency": "INR",
					"value": "42"
				},
				"breakup": [
					{
						"@ondc/org/item_id": "express",
						"@ondc/org/title_type": "Delivery Charge",
						"price": {
							"currency": "INR",
							"value": "42"
						}
					}
				]
			},
			"payment": {
				"type": "ON-ORDER",
				"collected_by": "BAP",
				"@ondc/org/settlement_details": []
			},
			"billing": {
				"name": "Ek Second Technologies",
				"email": "najeeb@eksecon.in",
				"phone": "9000912423",
				"created_at": "2023-03-13T14:27:34.901Z",
				"updated_at": "2023-03-13T14:27:34.901Z",
				"address": {
					"name": "EkSecond Pvt Ltd",
					"building": "8-7-171/10/14/B",
					"locality": "Old Bowenpally",
					"city": "secunderabad",
					"state": "Telangana",
					"country": "India",
					"area_code": "500011"
				},
				"tax_number": "ADFSDF34343"
			},
			"state": "Created"
		}
	}
}