{
	"context": {
		"domain": "nic2004:60232",
		"country": "IND",
		"city": "std:080",
		"action": "cancel",
		"core_version": "1.1.0",
		"bap_id": "api3.eksecond.in",
		"bap_uri": "https://api3.eksecond.in/ondc",
		"bpp_id": "ondc-preprod.loadshare.net",
		"bpp_uri": "https://ondc-preprod.loadshare.net/logistics/bpp",
		"transaction_id": "632839af4bea4df42dfe336b|4900c7f2-2d2e-4470-8185-8765fd25c96f",
		"message_id": "bdf627b4-224c-448b-83eb-76207995c75b",
		"timestamp": "2023-03-13T14:28:02.539Z",
		"ttl": "PT30S"
	},
	"message": {
		"order_id": "4e001d06-bc87-4656-b794-de228aacb79d",
		"cancellation_reason_id": "005"
	}
}