{
    "context": {
        "domain": "nic2004:52110",
        "country": "IND",
        "city": "std:080",
        "action": "init",
        "core_version": "1.1.0",
        "bap_id": "buyer-app-preprod.ondc.org",
        "bap_uri": "https://buyer-app-preprod.ondc.org/protocol/v1",
        "bpp_uri": "https://ondcpreprod.demolocations.com/ondc/api/",
        "transaction_id": "03cdc275-0efb-4286-952f-3cac2509c281",
        "message_id": "2ecf61ef-10a4-41cc-9624-cba81ecb54f2",
        "timestamp": "2023-08-25T11:37:17.880Z",
        "bpp_id": "ondcpreprod.demolocations.com",
        "ttl": "PT30S"
    },
    "message": {
        "order": {
            "provider": {
                "id": "18th_stores",
                "locations": [
                    {
                        "id": "default_loc"
                    }
                ]
            },
            "items": [
                {
                    "id": "WJ09-XS-Blue",
                    "quantity": {
                        "count": 1
                    },
                    "fulfillment_id": "1"
                },
                {
                    "id": "WJ09-XS-Gray",
                    "quantity": {
                        "count": 1
                    },
                    "fulfillment_id": "1"
                }
            ],
            "billing": {
                "address": {
                    "city": "Noida",
                    "state": "Uttar Pradesh",
                    "country": "IND",
                    "area_code": "201301",
                    "locality": "Street 2",
                    "name": "Abhi Chauhan"
                },
                "phone": "8956969969",
                "name": "Abhi Chauhan",
                "email": "abhi0001ch+001@gmail.com",
                "created_at": "2023-08-25T11:37:17.880Z",
                "updated_at": "2023-08-25T11:37:17.880Z"
            },
            "fulfillments": [
                {
                    "id": "Fulfillment1",
                    "type": "Delivery",
                    "end": {
                        "contact": {
                            "email": "abhi0001ch+001@gmail.com",
                            "phone": "8956969969"
                        },
                        "location": {
                            "gps": "28.574981, 77.320812",
                            "address": {
                                "name": "Abhi Chauhan",
                                "building": "",
                                "locality": "Street 2",
                                "city": "Noida",
                                "state": "Uttar Pradesh",
                                "country": "IND",
                                "area_code": "201301"
                            }
                        }
                    }
                }
            ]
        }
    }
}