{
    "context": {
        "domain": "nic2004:52110",
        "action": "on_cancel",
        "core_version": "1.1.0",
        "bap_id": "buyer-app-preprod.ondc.org",
        "bap_uri": "https://buyer-app-preprod.ondc.org/protocol/v1",
        "bpp_id": "ondcpreprod.demolocations.com",
        "bpp_uri": "https://ondcpreprod.demolocations.com/ondc/api/",
        "transaction_id": "03cdc275-0efb-4286-952f-3cac2509c281",
        "message_id": "39f994ae-a9df-44bc-be5b-89e29963035b",
        "city": "std:080",
        "country": "IND",
        "timestamp": "2023-08-25T17:08:59.000Z"
    },
    "message": {
        "order": {
            "id": "2023-08-25-830123",
            "state": "Cancelled",
            "tags": {
                "cancellation_reason_id": "001"
            }
        }
    }
}