{
    "context": {
        "domain": "nic2004:52110",
        "country": "IND",
        "city": "std:080",
        "action": "select",
        "core_version": "1.1.0",
        "bap_id": "buyer-app-preprod.ondc.org",
        "bap_uri": "https://buyer-app-preprod.ondc.org/protocol/v1",
        "bpp_uri": "https://ondcpreprod.demolocations.com/ondc/api/",
        "transaction_id": "03cdc275-0efb-4286-952f-3cac2509c281",
        "message_id": "cc7f5dcf-25a4-44ed-859d-919e4ebd7ee1",
        "timestamp": "2023-08-25T11:26:08.695Z",
        "bpp_id": "ondcpreprod.demolocations.com",
        "ttl": "PT30S"
    },
    "message": {
        "order": {
            "items": [
                {
                    "id": "WJ09-XS-Blue",
                    "quantity": {
                        "count": 1
                    },
                    "location_id": "default_loc"
                },
                {
                    "id": "WJ09-XS-Gray",
                    "quantity": {
                        "count": 1
                    },
                    "location_id": "default_loc"
                }
            ],
            "provider": {
                "id": "18th_stores",
                "locations": [
                    {
                        "id": "default_loc"
                    }
                ]
            },
            "fulfillments": [
                {
                    "end": {
                        "location": {
                            "gps": "28.574981, 77.320812",
                            "address": {
                                "area_code": "201301"
                            }
                        }
                    }
                }
            ]
        }
    }
}