{
    "context": {
        "domain": "nic2004:52110",
        "country": "IND",
        "city": "std:080",
        "action": "status",
        "core_version": "1.1.0",
        "bap_id": "buyer-app-preprod.ondc.org",
        "bap_uri": "https://buyer-app-preprod.ondc.org/protocol/v1",
        "bpp_uri": "https://ondcpreprod.demolocations.com/ondc/api/",
        "transaction_id": "03cdc275-0efb-4286-952f-3cac2509c281",
        "message_id": "873d49e8-5a8b-4286-9554-82bc914447f3",
        "timestamp": "2023-08-25T11:38:34.599Z",
        "bpp_id": "ondcpreprod.demolocations.com",
        "ttl": "PT30S"
    },
    "message": {
        "order_id": "2023-08-25-830123"
    }
}