{
	"context": {
		"domain": "nic2004:60232",
		"country": "IND",
		"city": "std:080",
		"action": "on_status",
		"core_version": "1.1.0",
		"bap_id": "api3.eksecond.in",
		"bap_uri": "https://api3.eksecond.in/ondc",
		"bpp_id": "ondc-preprod.loadshare.net",
		"bpp_uri": "https://ondc-preprod.loadshare.net/logistics/bpp",
		"transaction_id": "632839af4bea4df42dfe336b|ba4dd610-8d4f-4056-9cd2-5b0cfce87e0b",
		"message_id": "oq7up24yvhac4wkm",
		"timestamp": "2023-03-10T05:53:34.182Z"
	},
	"message": {
		"order": {
			"id": "5046f1dd-c233-43c5-ae96-9fa9e1f7d227",
			"state": "Completed",
			"provider": {
				"id": "loadshare@ondc-preprod.loadshare.net"
			},
			"items": [
				{
					"id": "express",
					"descriptor": {
						"code": "P2P"
					},
					"category_id": "Immediate Delivery"
				}
			],
			"quote": {
				"price": {
					"currency": "INR",
					"value": "42"
				},
				"breakup": [
					{
						"@ondc/org/item_id": "express",
						"@ondc/org/title_type": "Delivery Charge",
						"price": {
							"currency": "INR",
							"value": "42"
						}
					}
				]
			},
			"fulfillments": [
				{
					"id": "lsn_prepaid",
					"type": "Prepaid",
					"state": {
						"descriptor": {
							"code": "Order-delivered"
						}
					},
					"@ondc/org/awb_no": null,
					"tracking": true,
					"start": {
						"time": {
							"range": {
								"start": "2023-03-10T05:53:03.852Z",
								"end": "2023-03-10T05:53:03.852Z"
							},
							"timestamp": "2023-03-10T05:53:01.000Z"
						}
					},
					"end": {
						"time": {
							"range": {
								"start": "2023-03-10T06:07:03.855Z",
								"end": "2023-03-10T06:28:03.855Z"
							},
							"timestamp": "2023-03-10T05:53:31.000Z"
						}
					},
					"agent": {
						"name": "Arun",
						"phone": "8105566272"
					}
				}
			],
			"billing": {
				"name": "Ek Second Technologies",
				"email": "najeeb@eksecon.in",
				"phone": "9000912423",
				"created_at": "2023-03-10T05:48:25.561Z",
				"updated_at": "2023-03-10T05:48:25.561Z",
				"address": {
					"name": "EkSecond Pvt Ltd",
					"building": "8-7-171/10/14/B",
					"locality": "Old Bowenpally",
					"city": "secunderabad",
					"state": "Telangana",
					"country": "India",
					"area_code": "500011"
				},
				"tax_number": "ADFSDF34343"
			},
			"updated_at": "2023-03-10T05:53:34.182Z"
		}
	}
}