{
	"context": {
		"domain": "nic2004:60232",
		"country": "IND",
		"city": "std:080",
		"action": "status",
		"core_version": "1.1.0",
		"bap_id": "api3.eksecond.in",
		"bap_uri": "https://api3.eksecond.in/ondc",
		"bpp_id": "ondc-preprod.loadshare.net",
		"bpp_uri": "https://ondc-preprod.loadshare.net/logistics/bpp",
		"transaction_id": "632839af4bea4df42dfe336b|ba4dd610-8d4f-4056-9cd2-5b0cfce87e0b",
		"message_id": "00b88f13-bd8f-407a-ac32-83544b1628ea",
		"timestamp": "2023-03-10T05:49:13.099Z",
		"ttl": "PT30S"
	},
	"message": {
		"order_id": "5046f1dd-c233-43c5-ae96-9fa9e1f7d227"
	}
}