{
	"context": {
		"domain": "nic2004:60232",
		"country": "IND",
		"city": "std:080",
		"action": "status",
		"core_version": "1.1.0",
		"bap_id": "api3.eksecond.in",
		"bap_uri": "https://api3.eksecond.in/ondc",
		"bpp_id": "ondc-preprod.loadshare.net",
		"bpp_uri": "https://ondc-preprod.loadshare.net/logistics/bpp",
		"transaction_id": "632839af4bea4df42dfe336b|45f436a1-5f77-41d8-98be-9da5cfc7038c",
		"message_id": "95538489-df70-4254-a43c-554c2d7adc74|es-1a18fc67-906e-43eb-a6e4-b8ac669389b1",
		"timestamp": "2023-03-13T14:15:06.240Z",
		"ttl": "PT30S"
	},
	"message": {
		"order_id": "d7ca882b-bdfb-4b2e-9619-3db27a692816"
	}
}