{
	"context": {
		"domain": "nic2004:60232",
		"country": "IND",
		"city": "std:080",
		"action": "on_status",
		"core_version": "1.1.0",
		"bap_id": "api3.eksecond.in",
		"bap_uri": "https://api3.eksecond.in/ondc",
		"bpp_id": "ondc-preprod.loadshare.net",
		"bpp_uri": "https://ondc-preprod.loadshare.net/logistics/bpp",
		"transaction_id": "632839af4bea4df42dfe336b|45f436a1-5f77-41d8-98be-9da5cfc7038c",
		"message_id": "95538489-df70-4254-a43c-554c2d7adc74|es-1a18fc67-906e-43eb-a6e4-b8ac669389b1",
		"timestamp": "2023-03-13T14:15:06.628Z"
	},
	"message": {
		"order": {
			"id": "d7ca882b-bdfb-4b2e-9619-3db27a692816",
			"state": "Completed",
			"provider": {
				"id": "loadshare@ondc-preprod.loadshare.net"
			},
			"items": [
				{
					"id": "express",
					"descriptor": {
						"code": "P2P"
					},
					"category_id": "Immediate Delivery"
				}
			],
			"quote": {
				"price": {
					"currency": "INR",
					"value": "42"
				},
				"breakup": [
					{
						"@ondc/org/item_id": "express",
						"@ondc/org/title_type": "Delivery Charge",
						"price": {
							"currency": "INR",
							"value": "42"
						}
					}
				]
			},
			"fulfillments": [
				{
					"id": "lsn_prepaid",
					"type": "Prepaid",
					"state": {
						"descriptor": {
							"code": "Order-delivered"
						}
					},
					"tracking": true,
					"start": {
						"time": {
							"range": {
								"start": "2023-03-13T14:13:19.390Z",
								"end": "2023-03-13T14:13:19.390Z"
							},
							"timestamp": "2023-03-13T14:13:16.000Z"
						}
					},
					"end": {
						"time": {
							"range": {
								"start": "2023-03-13T14:27:19.394Z",
								"end": "2023-03-13T14:30:06.628Z"
							},
							"timestamp": "2023-03-13T14:13:30.000Z"
						}
					},
					"agent": {
						"name": "elumal",
						"phone": "8618529050"
					}
				}
			],
			"billing": {
				"name": "Ek Second Technologies",
				"email": "najeeb@eksecon.in",
				"phone": "9000912423",
				"created_at": "2023-03-13T14:06:58.981Z",
				"updated_at": "2023-03-13T14:06:58.981Z",
				"address": {
					"name": "EkSecond Pvt Ltd",
					"building": "8-7-171/10/14/B",
					"locality": "Old Bowenpally",
					"city": "secunderabad",
					"state": "Telangana",
					"country": "India",
					"area_code": "500011"
				},
				"tax_number": "ADFSDF34343"
			},
			"updated_at": "2023-03-13T14:13:32.420Z"
		}
	}
}