{
	"context": {
		"domain": "nic2004:60232",
		"country": "IND",
		"city": "std:080",
		"action": "on_init",
		"core_version": "1.1.0",
		"bap_id": "api3.eksecond.in",
		"bap_uri": "https://api3.eksecond.in/ondc",
		"bpp_id": "ondc-preprod.loadshare.net",
		"bpp_uri": "https://ondc-preprod.loadshare.net/logistics/bpp",
		"transaction_id": "632839af4bea4df42dfe336b|ba4dd610-8d4f-4056-9cd2-5b0cfce87e0b",
		"message_id": "0c0a4685-7bc6-4793-ae3c-184ff0409845",
		"timestamp": "2023-03-10T05:48:25.684Z"
	},
	"message": {
		"order": {
			"provider": {
				"id": "loadshare@ondc-preprod.loadshare.net"
			},
			"items": [
				{
					"id": "express"
				}
			],
			"quote": {
				"price": {
					"currency": "INR",
					"value": "42"
				},
				"breakup": [
					{
						"@ondc/org/item_id": "express",
						"@ondc/org/title_type": "Delivery Charge",
						"price": {
							"currency": "INR",
							"value": "42"
						}
					}
				]
			},
			"payment": {
				"type": "POST-FULFILLMENT",
				"collected_by": "BAP",
				"@ondc/org/settlement_details": []
			}
		}
	}
}