{
	"context": {
		"domain": "nic2004:60232",
		"country": "IND",
		"city": "std:080",
		"action": "status",
		"core_version": "1.1.0",
		"bap_id": "api3.eksecond.in",
		"bap_uri": "https://api3.eksecond.in/ondc",
		"bpp_id": "ondc-preprod.loadshare.net",
		"bpp_uri": "https://ondc-preprod.loadshare.net/logistics/bpp",
		"transaction_id": "632839af4bea4df42dfe336b|45f436a1-5f77-41d8-98be-9da5cfc7038c",
		"message_id": "f78493e7-cce3-4dbf-9b57-7fd6ee0089b4|es-7c50e9e7-1c62-4be0-9db7-4dc3e7fd1ddf",
		"timestamp": "2023-03-13T14:08:08.982Z",
		"ttl": "PT30S"
	},
	"message": {
		"order_id": "d7ca882b-bdfb-4b2e-9619-3db27a692816"
	}
}