{
    "context": {
        "domain": "nic2004:52110",
        "country": "IND",
        "city": "std:080",
        "action": "cancel",
        "core_version": "1.1.0",
        "bap_id": "buyer-app-preprod.ondc.org",
        "bap_uri": "https://buyer-app-preprod.ondc.org/protocol/v1",
        "bpp_uri": "https://ondcpreprod.demolocations.com/ondc/api/",
        "transaction_id": "c6f35b2b-ae17-4353-814d-2746c22f9665",
        "message_id": "56ff17b1-2033-4cc2-81e2-1d71d2ec4904",
        "timestamp": "2023-08-25T13:02:20.482Z",
        "bpp_id": "ondcpreprod.demolocations.com",
        "ttl": "PT30S"
    },
    "message": {
        "order_id": "2023-08-25-682681",
        "cancellation_reason_id": "001"
    }
}