{
    "context": {
        "domain": "nic2004:52110",
        "action": "on_status",
        "core_version": "1.1.0",
        "bap_id": "buyer-app-preprod.ondc.org",
        "bap_uri": "https://buyer-app-preprod.ondc.org/protocol/v1",
        "bpp_id": "ondcpreprod.demolocations.com",
        "bpp_uri": "https://ondcpreprod.demolocations.com/ondc/api/",
        "transaction_id": "c6f35b2b-ae17-4353-814d-2746c22f9665",
        "message_id": "d6ed048e-466e-411b-ba49-85f23a43c3f9",
        "city": "std:080",
        "country": "IND",
        "timestamp": "2023-08-25T18:30:43.000Z"
    },
    "message": {
        "order": {
            "id": "2023-08-25-682681",
            "state": "Accepted",
            "provider": {
                "id": "18th_stores"
            },
            "items": [
                {
                    "id": "Proteus18TH10002",
                    "fulfillment_id": "1",
                    "quantity": {
                        "count": "1.0000"
                    }
                }
            ],
            "billing": {
                "name": "Abhi Chauhan",
                "email": "abhi0001ch+001@gmail.com",
                "phone": "8956969969",
                "address": {
                    "building": "Street 2",
                    "name": "Abhi Chauhan",
                    "city": "Noida",
                    "state": "Uttar Pradesh",
                    "country": "IN",
                    "area_code": "201301"
                }
            },
            "quote": {
                "price": {
                    "currency": "INR",
                    "value": "899.0000"
                },
                "breakup": [
                    {
                        "@ondc/org/item_id": "Proteus18TH10002",
                        "@ondc/org/item_quantity": {
                            "count": "1.0000"
                        },
                        "title": "Proteus 18TH Fitness Jacket",
                        "@ondc/org/title_type": "item",
                        "price": {
                            "currency": "INR",
                            "value": "899.0000"
                        }
                    },
                    {
                        "@ondc/org/item_id": "Fulfillment1",
                        "title": "Delivery charges",
                        "@ondc/org/title_type": "delivery",
                        "price": {
                            "currency": "INR",
                            "value": "0"
                        }
                    },
                    {
                        "@ondc/org/item_id": "Fulfillment1",
                        "title": "Packing charges",
                        "@ondc/org/title_type": "packing",
                        "price": {
                            "currency": "INR",
                            "value": "0"
                        }
                    },
                    {
                        "@ondc/org/item_id": "Orion18TH1000",
                        "title": "Tax",
                        "@ondc/org/title_type": "tax",
                        "price": {
                            "currency": "INR",
                            "value": "0"
                        }
                    },
                    {
                        "@ondc/org/item_id": "Orion18TH1000",
                        "title": "Discount",
                        "@ondc/org/title_type": "discount",
                        "price": {
                            "currency": "INR",
                            "value": "-0"
                        }
                    },
                    {
                        "@ondc/org/item_id": "Fulfillment1",
                        "title": "Convenience Fee",
                        "@ondc/org/title_type": "misc",
                        "price": {
                            "currency": "INR",
                            "value": "0"
                        }
                    }
                ]
            }
        }
    }
}