{
    "context": {
        "domain": "nic2004:52110",
        "country": "IND",
        "city": "std:080",
        "action": "select",
        "core_version": "1.1.0",
        "bap_id": "buyer-app-preprod.ondc.org",
        "bap_uri": "https://buyer-app-preprod.ondc.org/protocol/v1",
        "bpp_uri": "https://ondcpreprod.demolocations.com/ondc/api/",
        "transaction_id": "c6f35b2b-ae17-4353-814d-2746c22f9665",
        "message_id": "e004703e-1f42-4eab-8422-29e6d3eb1b47",
        "timestamp": "2023-08-25T12:57:38.092Z",
        "bpp_id": "ondcpreprod.demolocations.com",
        "ttl": "PT30S"
    },
    "message": {
        "order": {
            "items": [
                {
                    "id": "MH04-XS-Green",
                    "quantity": {
                        "count": 4
                    },
                    "location_id": "default_loc"
                },
                {
                    "id": "Proteus18TH10002",
                    "quantity": {
                        "count": 1
                    },
                    "location_id": "default_loc"
                }
            ],
            "provider": {
                "id": "18th_stores",
                "locations": [
                    {
                        "id": "default_loc"
                    }
                ]
            },
            "fulfillments": [
                {
                    "end": {
                        "location": {
                            "gps": "28.574981, 77.320812",
                            "address": {
                                "area_code": "201301"
                            }
                        }
                    }
                }
            ]
        }
    }
}