{
	"context": {
		"domain": "nic2004:52110",
		"country": "IND",
		"city": "std:080",
		"action": "search",
		"core_version": "1.1.0",
		"bap_id": "buyer-app-preprod.ondc.org",
		"bap_uri": "https://buyer-app-preprod.ondc.org/protocol/v1",
		"transaction_id": "c1360266-f8bd-43c0-96a9-f94713f49280",
		"message_id": "4be10c1a-b3b1-45c0-8760-d2db4c8be3ec",
		"timestamp": "2023-03-13T14:17:41.361Z",
		"ttl": "PT30S"
	},
	"message": {
		"intent": {
			"item": {
				"descriptor": {
					"name": "Mutton biryani"
				}
			},
			"fulfillment": {
				"type": "Delivery",
				"end": {
					"location": {
						"gps": "12.9134750000001,77.6783750000001"
					}
				}
			},
			"payment": {
				"@ondc/org/buyer_app_finder_fee_type": "percent",
				"@ondc/org/buyer_app_finder_fee_amount": "3.0"
			}
		}
	}
}S