{
	"context": {
		"domain": "nic2004:52110",
		"country": "IND",
		"city": "std:080",
		"action": "init",
		"core_version": "1.1.0",
		"bap_id": "buyer-app-preprod.ondc.org",
		"bap_uri": "https://buyer-app-preprod.ondc.org/protocol/v1",
		"bpp_uri": "https://api3.eksecond.in/ondc",
		"transaction_id": "c1360266-f8bd-43c0-96a9-f94713f49280",
		"message_id": "8a0365fd-5150-4ecb-a4af-648e1299989d",
		"timestamp": "2023-03-13T14:21:51.360Z",
		"bpp_id": "api3.eksecond.in",
		"ttl": "PT30S"
	},
	"message": {
		"order": {
			"provider": {
				"id": "632839af4bea4df42dfe336b",
				"locations": [
					{
						"id": "632839af4bea4df42dfe336b"
					}
				]
			},
			"items": [
				{
					"id": "63db97929cc68fbae328fa65",
					"quantity": {
						"count": 1
					},
					"fulfillment_id": "e20789b3-163e-4327-8fa0-2489324dc276"
				},
				{
					"id": "640843cb6a4db5be49821329",
					"quantity": {
						"count": 1
					},
					"fulfillment_id": "e20789b3-163e-4327-8fa0-2489324dc276"
				}
			],
			"billing": {
				"address": {
					"building": "Aqsa Masjid lANE",
					"city": "Hyderabad",
					"state": "Telangana",
					"country": "IND",
					"area_code": "500055",
					"locality": "19-138 Rodamestry Nagar, Jeedimetla",
					"name": "Syed Abdul"
				},
				"phone": "9849692156",
				"name": "Syed Abdul",
				"email": "syedabdul12696@gmail.com",
				"created_at": "2023-03-13T14:21:51.360Z",
				"updated_at": "2023-03-13T14:21:51.360Z"
			},
			"fulfillments": [
				{
					"id": "e20789b3-163e-4327-8fa0-2489324dc276",
					"type": "Delivery",
					"tracking": false,
					"end": {
						"contact": {
							"email": "syedabdul12696@gmail.com",
							"phone": "9849692156"
						},
						"location": {
							"gps": "17.520408, 78.4447450000001",
							"address": {
								"building": "Aqsa Masjid lANE",
								"city": "Hyderabad",
								"state": "Telangana",
								"country": "IND",
								"area_code": "500055",
								"locality": "19-138 Rodamestry Nagar, Jeedimetla",
								"name": "Syed Abdul"
							}
						}
					}
				}
			]
		}
	}
}