{
	"context": {
		"domain": "nic2004:52110",
		"country": "IND",
		"city": "std:080",
		"action": "on_init",
		"core_version": "1.1.0",
		"bap_id": "buyer-app-preprod.ondc.org",
		"bap_uri": "https://buyer-app-preprod.ondc.org/protocol/v1",
		"bpp_id": "api3.eksecond.in",
		"bpp_uri": "https://api3.eksecond.in/ondc",
		"transaction_id": "c1360266-f8bd-43c0-96a9-f94713f49280",
		"message_id": "72137dc0-46bb-43fb-a0f9-5dbc5cdfa06e",
		"timestamp": "2023-03-13T14:21:52.527Z"
	},
	"message": {
		"order": {
			"items": [
				{
					"id": "63db97929cc68fbae328fa65",
					"fulfillment_id": "e20789b3-163e-4327-8fa0-2489324dc276",
					"quantity": {
						"count": 1
					}
				},
				{
					"id": "640843cb6a4db5be49821329",
					"fulfillment_id": "e20789b3-163e-4327-8fa0-2489324dc276",
					"quantity": {
						"count": 1
					}
				}
			],
			"provider": {
				"id": "632839af4bea4df42dfe336b",
				"descriptor": {
					"name": "Rumaan",
					"symbol": "https://ondcresources.blob.core.windows.net/images/spice9.png",
					"short_desc": "Rumaan - An authentic biryani restaurant",
					"long_desc": "Rumaan - An authentic biryani restaurant",
					"images": [
						"https://ondcresources.blob.core.windows.net/images/spice9.png"
					]
				},
				"locations": [
					{
						"id": "632839af4bea4df42dfe336b"
					}
				]
			},
			"provider_location": {
				"id": "632839af4bea4df42dfe336b"
			},
			"fulfillments": [
				{
					"id": "e20789b3-163e-4327-8fa0-2489324dc276",
					"type": "Delivery",
					"@ondc/org/category": "Immediate Delivery",
					"@ondc/org/TAT": "PT1H45M",
					"provider_id": "loadshare@ondc-preprod.loadshare.net",
					"@ondc/org/provider_name": "LoadShare Networks",
					"state": {
						"descriptor": {
							"code": "Serviceable"
						}
					},
					"tracking": false,
					"end": {
						"location": {
							"gps": "12.913371523733359,77.68308302883554",
							"address": {
								"name": "Rumaan",
								"building": "1",
								"locality": "Doddakannelli",
								"city": "Bengaluru",
								"state": "Karnataka",
								"country": "IND",
								"area_code": "560035"
							}
						}
					}
				}
			],
			"quote": {
				"price": {
					"currency": "INR",
					"value": "759.00"
				},
				"breakup": [
					{
						"title": "Imperial Special Mutton Biryani",
						"@ondc/org/item_id": "63db97929cc68fbae328fa65",
						"@ondc/org/title_type": "item",
						"price": {
							"currency": "INR",
							"value": "439.00"
						},
						"@ondc/org/item_quantity": {
							"count": 1
						},
						"item": {
							"quantity": {
								"available": {
									"count": "1"
								},
								"maximum": {
									"count": "1"
								}
							},
							"price": {
								"currency": "INR",
								"value": "439"
							}
						}
					},
					{
						"title": "Mutton Biryani Plate",
						"@ondc/org/item_id": "640843cb6a4db5be49821329",
						"@ondc/org/title_type": "item",
						"price": {
							"currency": "INR",
							"value": "320.00"
						},
						"@ondc/org/item_quantity": {
							"count": 1
						},
						"item": {
							"quantity": {
								"available": {
									"count": "1"
								},
								"maximum": {
									"count": "1"
								}
							},
							"price": {
								"currency": "INR",
								"value": "320"
							}
						}
					},
					{
						"title": "Packing charges",
						"@ondc/org/item_id": "e20789b3-163e-4327-8fa0-2489324dc276",
						"@ondc/org/title_type": "packing",
						"price": {
							"currency": "INR",
							"value": "0"
						}
					},
					{
						"title": "Tax",
						"@ondc/org/item_id": "63db97929cc68fbae328fa65",
						"@ondc/org/title_type": "tax",
						"price": {
							"currency": "INR",
							"value": "0"
						}
					},
					{
						"title": "Tax",
						"@ondc/org/item_id": "640843cb6a4db5be49821329",
						"@ondc/org/title_type": "tax",
						"price": {
							"currency": "INR",
							"value": "0"
						}
					},
					{
						"title": "Delivery charges",
						"@ondc/org/item_id": "e20789b3-163e-4327-8fa0-2489324dc276",
						"@ondc/org/title_type": "delivery",
						"price": {
							"currency": "INR",
							"value": "0"
						}
					},
					{
						"title": "Convenience Fee",
						"@ondc/org/item_id": "e20789b3-163e-4327-8fa0-2489324dc276",
						"@ondc/org/title_type": "misc",
						"price": {
							"currency": "INR",
							"value": "0"
						}
					}
				],
				"ttl": "PT10M"
			},
			"payment": {
				"@ondc/org/buyer_app_finder_fee_type": "Percent",
				"@ondc/org/buyer_app_finder_fee_amount": "3",
				"@ondc/org/settlement_details": [
					{
						"settlement_counterparty": "seller-app",
						"settlement_phase": "sale-amount",
						"settlement_type": "neft",
						"settlement_bank_account_no": "1234512345",
						"settlement_ifsc_code": "15488ADEDD",
						"beneficiary_name": "Najeeb",
						"bank_name": "test",
						"branch_name": "test"
					}
				]
			}
		}
	},
	"error": {
		"code": "30010",
		"message": "Location Serviceability Error"
	}
}