{
    "context": {
        "domain": "nic2004:52110",
        "country": "IND",
        "city": "std:080",
        "action": "init",
        "core_version": "1.1.0",
        "bap_id": "buyer-app-preprod.ondc.org",
        "bap_uri": "https://buyer-app-preprod.ondc.org/protocol/v1",
        "bpp_uri": "https://ondcpreprod.demolocations.com/ondc/api/",
        "transaction_id": "2df59294-b3c1-4689-b5ad-8d8f35bce894",
        "message_id": "543d7ac9-5425-45e7-a799-ff28aab63b70",
        "timestamp": "2023-08-25T12:14:06.185Z",
        "bpp_id": "ondcpreprod.demolocations.com",
        "ttl": "PT30S"
    },
    "message": {
        "order": {
            "provider": {
                "id": "18th_stores",
                "locations": [
                    {
                        "id": "default_loc"
                    }
                ]
            },
            "items": [
                {
                    "id": "Reyton18TH10005",
                    "quantity": {
                        "count": 1
                    },
                    "fulfillment_id": "1"
                },
                {
                    "id": "Campus18TH100060",
                    "quantity": {
                        "count": 1
                    },
                    "fulfillment_id": "1"
                }
            ],
            "billing": {
                "address": {
                    "city": "Noida",
                    "state": "Uttar Pradesh",
                    "country": "IND",
                    "area_code": "201301",
                    "locality": "Street1",
                    "name": "Abhi Chauhan"
                },
                "phone": "8800518689",
                "name": "Abhi Chauhan",
                "email": "abhishek.chauhan@18thdigitech.net",
                "created_at": "2023-08-25T12:14:06.185Z",
                "updated_at": "2023-08-25T12:14:06.185Z"
            },
            "fulfillments": [
                {
                    "id": "Fulfillment1",
                    "type": "Delivery",
                    "end": {
                        "contact": {
                            "email": "abhi0001ch+001@gmail.com",
                            "phone": "8956969969"
                        },
                        "location": {
                            "gps": "28.574981, 77.320812",
                            "address": {
                                "name": "Abhi Chauhan",
                                "building": "",
                                "locality": "Street 2",
                                "city": "Noida",
                                "state": "Uttar Pradesh",
                                "country": "IND",
                                "area_code": "201301"
                            }
                        }
                    }
                }
            ]
        }
    }
}