{
    "context": {
        "domain": "nic2004:52110",
        "country": "IND",
        "city": "std:080",
        "action": "on_select",
        "core_version": "1.1.0",
        "bap_id": "buyer-app-preprod.ondc.org",
        "bap_uri": "https://buyer-app-preprod.ondc.org/protocol/v1",
        "bpp_id": "ondcpreprod.demolocations.com",
        "bpp_uri": "https://ondcpreprod.demolocations.com/ondc/api/",
        "transaction_id": "2df59294-b3c1-4689-b5ad-8d8f35bce894",
        "message_id": "2768c170-9240-4209-8713-a70c568f336f",
        "timestamp": "2023-08-25T17:43:55.000Z"
    },
    "message": {
        "order": {
            "provider": {
                "id": "18th_stores"
            },
            "items": [
                {
                    "fulfillment_id": "1",
                    "id": "Reyton18TH10005"
                },
                {
                    "fulfillment_id": "1",
                    "id": "Campus18TH100060"
                }
            ],
            "fulfillments": [
                {
                    "id": "Fulfillment1",
                    "@ondc/org/provider_name": "Loadshare",
                    "tracking": false,
                    "@ondc/org/category": "Immediate Delivery",
                    "@ondc/org/TAT": "PT45M",
                    "state": {
                        "descriptor": {
                            "name": "Serviceable"
                        }
                    }
                }
            ],
            "quote": {
                "price": {
                    "currency": "INR",
                    "value": 2499
                },
                "breakup": [
                    {
                        "@ondc/org/item_id": "Reyton18TH10005",
                        "@ondc/org/item_quantity": {
                            "count": 1
                        },
                        "title": "18TH Men's Reyton Navy Running Shoes",
                        "@ondc/org/title_type": "item",
                        "price": {
                            "currency": "INR",
                            "value": 999
                        },
                        "item": {
                            "quantity": {
                                "available": {
                                    "count": 998
                                },
                                "maximum": {
                                    "count": 998
                                }
                            },
                            "price": {
                                "currency": "INR",
                                "value": 999
                            }
                        }
                    },
                    {
                        "@ondc/org/item_id": "Campus18TH100060",
                        "@ondc/org/item_quantity": {
                            "count": 1
                        },
                        "title": "Campus 18TH Men's MOXIE White Running Shoes",
                        "@ondc/org/title_type": "item",
                        "price": {
                            "currency": "INR",
                            "value": 1500
                        },
                        "item": {
                            "quantity": {
                                "available": {
                                    "count": 998
                                },
                                "maximum": {
                                    "count": 998
                                }
                            },
                            "price": {
                                "currency": "INR",
                                "value": 1500
                            }
                        }
                    },
                    {
                        "@ondc/org/item_id": "Fulfillment1",
                        "title": "Delivery charges",
                        "@ondc/org/title_type": "delivery",
                        "price": {
                            "currency": "INR",
                            "value": "0"
                        }
                    },
                    {
                        "@ondc/org/item_id": "Orion18TH1000",
                        "title": "Tax",
                        "@ondc/org/title_type": "tax",
                        "price": {
                            "currency": "INR",
                            "value": "0"
                        }
                    },
                    {
                        "@ondc/org/item_id": "Orion18TH1000",
                        "title": "Discount",
                        "@ondc/org/title_type": "discount",
                        "price": {
                            "currency": "INR",
                            "value": "0"
                        }
                    }
                ],
                "ttl": "PT30S"
            }
        }
    }
}