{
    "context": {
        "domain": "nic2004:52110",
        "action": "on_status",
        "core_version": "1.1.0",
        "bap_id": "buyer-app-preprod.ondc.org",
        "bap_uri": "https://buyer-app-preprod.ondc.org/protocol/v1",
        "bpp_id": "ondcpreprod.demolocations.com",
        "bpp_uri": "https://ondcpreprod.demolocations.com/ondc/api/",
        "transaction_id": "2df59294-b3c1-4689-b5ad-8d8f35bce894",
        "message_id": "9a38102f-4090-4f78-9749-f6973acf0a8a",
        "city": "std:080",
        "country": "IND",
        "timestamp": "2023-08-25T17:54:47.000Z"
    },
    "message": {
        "order": {
            "id": "2023-08-25-687110",
            "state": "In-progress",
            "provider": {
                "id": "18th_stores"
            },
            "items": [
                {
                    "id": "Reyton18TH10005",
                    "fulfillment_id": "1",
                    "quantity": {
                        "count": "1.0000"
                    }
                },
                {
                    "id": "Campus18TH100060",
                    "fulfillment_id": "1",
                    "quantity": {
                        "count": "1.0000"
                    }
                }
            ],
            "billing": {
                "name": "Abhi Chauhan",
                "email": "abhishek.chauhan@18thdigitech.net",
                "phone": "8800518689",
                "address": {
                    "building": "Street1",
                    "name": "Abhi Chauhan",
                    "city": "Noida",
                    "state": "Uttar Pradesh",
                    "country": "IN",
                    "area_code": "201301"
                }
            },
            "quote": {
                "price": {
                    "currency": "INR",
                    "value": "2499.0000"
                },
                "breakup": [
                    {
                        "@ondc/org/item_id": "Reyton18TH10005",
                        "@ondc/org/item_quantity": {
                            "count": "1.0000"
                        },
                        "title": "18TH Men's Reyton Navy Running Shoes",
                        "@ondc/org/title_type": "item",
                        "price": {
                            "currency": "INR",
                            "value": "999.0000"
                        }
                    },
                    {
                        "@ondc/org/item_id": "Campus18TH100060",
                        "@ondc/org/item_quantity": {
                            "count": "1.0000"
                        },
                        "title": "Campus 18TH Men's MOXIE White Running Shoes",
                        "@ondc/org/title_type": "item",
                        "price": {
                            "currency": "INR",
                            "value": "1500.0000"
                        }
                    },
                    {
                        "@ondc/org/item_id": "Fulfillment1",
                        "title": "Delivery charges",
                        "@ondc/org/title_type": "delivery",
                        "price": {
                            "currency": "INR",
                            "value": "0"
                        }
                    },
                    {
                        "@ondc/org/item_id": "Fulfillment1",
                        "title": "Packing charges",
                        "@ondc/org/title_type": "packing",
                        "price": {
                            "currency": "INR",
                            "value": "0"
                        }
                    },
                    {
                        "@ondc/org/item_id": "Orion18TH1000",
                        "title": "Tax",
                        "@ondc/org/title_type": "tax",
                        "price": {
                            "currency": "INR",
                            "value": "0"
                        }
                    },
                    {
                        "@ondc/org/item_id": "Orion18TH1000",
                        "title": "Discount",
                        "@ondc/org/title_type": "discount",
                        "price": {
                            "currency": "INR",
                            "value": "-0"
                        }
                    },
                    {
                        "@ondc/org/item_id": "Fulfillment1",
                        "title": "Convenience Fee",
                        "@ondc/org/title_type": "misc",
                        "price": {
                            "currency": "INR",
                            "value": "0"
                        }
                    }
                ]
            }
        }
    }
}