{
    "context": {
        "domain": "nic2004:52110",
        "country": "IND",
        "city": "std:080",
        "action": "on_search",
        "core_version": "1.1.0",
        "bap_id": "buyer-app-preprod.ondc.org",
        "bap_uri": "https://buyer-app-preprod.ondc.org/protocol/v1",
        "bpp_id": "ondcpreprod.demolocations.com",
        "bpp_uri": "https://ondcpreprod.demolocations.com/ondc/api/",
        "transaction_id": "2df59294-b3c1-4689-b5ad-8d8f35bce894",
        "message_id": "d28a7ac1-f366-4c64-b241-328a6ec7396b",
        "timestamp": "2023-08-25T17:39:09.000Z"
    },
    "message": {
        "catalog": {
            "bpp/fulfillments": [
                {
                    "id": "1",
                    "type": "Delivery"
                },
                {
                    "id": "2",
                    "type": "Self-Pickup"
                },
                {
                    "id": "3",
                    "type": "Delivery and Self-Pickup"
                }
            ],
            "bpp/descriptor": {
                "name": "1000"
            },
            "bpp/providers": [
                {
                    "id": "18th_stores",
                    "descriptor": {
                        "name": "18TH Store PreProd",
                        "short_desc": "Online Store"
                    },
                    "locations": [
                        {
                            "id": "default_loc",
                            "gps": "13.022714275653291,77.64814346152468",
                            "time": {
                                "days": "1,2,3,4,5",
                                "schedule": {
                                    "holidays": [
                                        "2023-08-23",
                                        "2023-08-24",
                                        "2023-08-25"
                                    ],
                                    "frequency": "PT2H",
                                    "times": [
                                        "1100",
                                        "1600"
                                    ]
                                },
                                "range": {
                                    "start": "1100",
                                    "end": "1900"
                                }
                            }
                        }
                    ],
                    "items": [
                        {
                            "id": "Reyton18TH10005",
                            "descriptor": {
                                "name": "18TH Men's Reyton Navy Running Shoes",
                                "images": [
                                    "https://ondcpreprod.demolocations.com/media/catalog/product/m/p/mp000000014028431_1348wx2000h_202208032238082.jpeg",
                                    "https://ondcpreprod.demolocations.com/media/catalog/product/m/p/mp000000014028431_437wx649h_202208032238082.jpeg"
                                ],
                                "short_desc": "The high-class single-tone mesh with small hole texture, gradient printing on 3 stripes, different design of eye stay and pop branding on the tongue is a perfect look for this pair of running shoes from Adidas. Its removable Ortholite socks provide an extra cushioning effect and anti-bacterial comfort. The flex midsole offers comfort and superior cushioning while the non-marking rubber outsole is provided for excellent grip. Its synthetic and mesh upper optimally encases the foot and allows breathability.",
                                "long_desc": ""
                            },
                            "price": {
                                "currency": "INR",
                                "value": 999
                            },
                            "quantity": {
                                "available": {
                                    "count": 998
                                },
                                "maximum": {
                                    "count": 998
                                }
                            },
                            "category_id": "Shoe Care - Accessories",
                            "fulfillment_id": "1",
                            "location_id": "default_loc",
                            "@ondc/org/available_on_cod": "0",
                            "@ondc/org/returnable": "0",
                            "@ondc/org/cancellable": "0",
                            "recommended": true
                        },
                        {
                            "id": "Campus18TH100060",
                            "descriptor": {
                                "name": "Campus 18TH Men's MOXIE White Running Shoes",
                                "images": [
                                    "https://ondcpreprod.demolocations.com/media/catalog/product/a/d/adidas-originals-stan-smith-sneaker.jpg",
                                    "https://ondcpreprod.demolocations.com/media/catalog/product/c/o/common-projects-bball-leather-sneakers.jpg"
                                ],
                                "short_desc": "The high-class single-tone mesh with small hole texture, gradient printing on 3 stripes, different design of eye stay and pop branding on the tongue is a perfect look for this pair of running shoes from Adidas. Its removable Ortholite socks provide an extra cushioning effect and anti-bacterial comfort. The flex midsole offers comfort and superior cushioning while the non-marking rubber outsole is provided for excellent grip. Its synthetic and mesh upper optimally encases the foot and allows breathability.",
                                "long_desc": ""
                            },
                            "price": {
                                "currency": "INR",
                                "value": 1500
                            },
                            "quantity": {
                                "available": {
                                    "count": 998
                                },
                                "maximum": {
                                    "count": 998
                                }
                            },
                            "category_id": "Shoe Care - Accessories",
                            "fulfillment_id": "1",
                            "location_id": "default_loc",
                            "@ondc/org/available_on_cod": "0",
                            "@ondc/org/returnable": "0",
                            "@ondc/org/cancellable": "0",
                            "recommended": true
                        },
                        {
                            "id": "24-WB01",
                            "descriptor": {
                                "name": "Voyage Yoga Bag",
                                "images": [
                                    "https://ondcpreprod.demolocations.com/media/catalog/product/w/b/wb01-black-0.jpg"
                                ],
                                "short_desc": "",
                                "long_desc": "Everything you need for a trip to the gym will fit inside this surprisingly spacious Voyage Yoga Bag. Stock it with a water bottle, change of clothes, pair of shoes, and even a few beauty products. Fits inside a locker and zips shut for security.\n\nSlip pocket on front.\nContrast piping.\nDurable nylon construction.\n"
                            },
                            "price": {
                                "currency": "INR",
                                "value": 32
                            },
                            "quantity": {
                                "available": {
                                    "count": 100
                                },
                                "maximum": {
                                    "count": 100
                                }
                            },
                            "category_id": "",
                            "fulfillment_id": "1",
                            "location_id": "default_loc",
                            "@ondc/org/available_on_cod": "1",
                            "@ondc/org/returnable": "1",
                            "@ondc/org/cancellable": "1",
                            "recommended": true
                        },
                        {
                            "id": "24-WB02",
                            "descriptor": {
                                "name": "Compete Track Tote",
                                "images": [
                                    "https://ondcpreprod.demolocations.com/media/catalog/product/w/b/wb02-green-0.jpg"
                                ],
                                "short_desc": "",
                                "long_desc": "The Compete Track Tote holds a host of exercise supplies with ease. Stash your towel, jacket and street shoes inside. Tuck water bottles in easy-access external spaces. Perfect for trips to gym or yoga studio, with dual top handles for convenience to and from.\n\nTwo-way zippers.\nContrast detailing.\nW 22.0\" x H 17\" x D 10\".\n"
                            },
                            "price": {
                                "currency": "INR",
                                "value": 32
                            },
                            "quantity": {
                                "available": {
                                    "count": 100
                                },
                                "maximum": {
                                    "count": 100
                                }
                            },
                            "category_id": "",
                            "fulfillment_id": "1",
                            "location_id": "default_loc",
                            "@ondc/org/available_on_cod": "1",
                            "@ondc/org/returnable": "1",
                            "@ondc/org/cancellable": "1",
                            "recommended": true
                        },
                        {
                            "id": "24-WB04",
                            "descriptor": {
                                "name": "Push It Messenger Bag",
                                "images": [
                                    "https://ondcpreprod.demolocations.com/media/catalog/product/w/b/wb04-blue-0.jpg"
                                ],
                                "short_desc": "",
                                "long_desc": "The name says so, but the Push It Messenger Bag is much more than a busy commuter's tote. It's a closet away from home when you're pedaling from class or work to gym and back or home again. It's the perfect size and shape for laptop, folded clothes, even extra shoes.\n\nAdjustable crossbody strap.\nTop handle.\nZippered interior pocket.\nSecure clip closures.\nDurable fabric construction.\n"
                            },
                            "price": {
                                "currency": "INR",
                                "value": 45
                            },
                            "quantity": {
                                "available": {
                                    "count": 100
                                },
                                "maximum": {
                                    "count": 100
                                }
                            },
                            "category_id": "",
                            "fulfillment_id": "1",
                            "location_id": "default_loc",
                            "@ondc/org/available_on_cod": "1",
                            "@ondc/org/returnable": "1",
                            "@ondc/org/cancellable": "1",
                            "recommended": true
                        }
                    ],
                    "fulfillments": [
                        {
                            "contact": {
                                "phone": "9886098860",
                                "email": "abc@xyz.com"
                            }
                        }
                    ],
                    "tags": [
                        {
                            "code": "serviceability",
                            "list": [
                                {
                                    "code": "location",
                                    "value": "default_loc"
                                },
                                {
                                    "code": "type",
                                    "value": "11"
                                },
                                {
                                    "code": "val",
                                    "value": "560001-560076,560083"
                                },
                                {
                                    "code": "unit",
                                    "value": "pincode"
                                }
                            ]
                        }
                    ]
                }
            ]
        }
    }
}