{
    "context": {
        "domain": "nic2004:52110",
        "country": "IND",
        "city": "std:080",
        "action": "select",
        "core_version": "1.1.0",
        "bap_id": "buyer-app-preprod.ondc.org",
        "bap_uri": "https://buyer-app-preprod.ondc.org/protocol/v1",
        "bpp_uri": "https://ondcpreprod.demolocations.com/ondc/api/",
        "transaction_id": "2df59294-b3c1-4689-b5ad-8d8f35bce894",
        "message_id": "2768c170-9240-4209-8713-a70c568f336f",
        "timestamp": "2023-08-25T12:13:54.209Z",
        "bpp_id": "ondcpreprod.demolocations.com",
        "ttl": "PT30S"
    },
    "message": {
        "order": {
            "items": [
                {
                    "id": "Reyton18TH10005",
                    "quantity": {
                        "count": 1
                    },
                    "location_id": "default_loc"
                },
                {
                    "id": "Campus18TH100060",
                    "quantity": {
                        "count": 1
                    },
                    "location_id": "default_loc"
                }
            ],
            "provider": {
                "id": "18th_stores",
                "locations": [
                    {
                        "id": "default_loc"
                    }
                ]
            },
            "fulfillments": [
                {
                    "end": {
                        "location": {
                            "gps": "28.574981, 77.320812",
                            "address": {
                                "area_code": "201301"
                            }
                        }
                    }
                }
            ]
        }
    }
}