{
    "context": {
        "domain": "nic2004:52110",
        "country": "IND",
        "city": "std:080",
        "action": "status",
        "core_version": "1.1.0",
        "bap_id": "buyer-app-preprod.ondc.org",
        "bap_uri": "https://buyer-app-preprod.ondc.org/protocol/v1",
        "bpp_uri": "https://ondcpreprod.demolocations.com/ondc/api/",
        "transaction_id": "2df59294-b3c1-4689-b5ad-8d8f35bce894",
        "message_id": "9a38102f-4090-4f78-9749-f6973acf0a8a",
        "timestamp": "2023-08-25T12:24:46.291Z",
        "bpp_id": "ondcpreprod.demolocations.com",
        "ttl": "PT30S"
    },
    "message": {
        "order_id": "2023-08-25-687110"
    }
}