{
	"context": {
		"domain": "nic2004:52110",
		"country": "IND",
		"city": "std:080",
		"action": "search",
		"core_version": "1.1.0",
		"bap_id": "buyer-app-preprod.ondc.org",
		"bap_uri": "https://buyer-app-preprod.ondc.org/protocol/v1",
		"transaction_id": "5ea228e7-dbde-463c-8651-d1785d87bc2b",
		"message_id": "0d87e79d-2dfc-419d-819e-506ad3a6802d",
		"timestamp": "2023-03-10T05:31:41.725Z",
		"ttl": "PT30S"
	},
	"message": {
		"intent": {
			"item": {
				"descriptor": {
					"name": "mutton biryani"
				}
			},
			"fulfillment": {
				"type": "Delivery",
				"end": {
					"location": {
						"gps": "12.9134750000001,77.6783750000001"
					}
				}
			},
			"payment": {
				"@ondc/org/buyer_app_finder_fee_type": "percent",
				"@ondc/org/buyer_app_finder_fee_amount": "3.0"
			}
		}
	}
}