{
	"context": {
		"domain": "nic2004:52110",
		"country": "IND",
		"city": "std:080",
		"action": "on_select",
		"core_version": "1.1.0",
		"bap_id": "buyer-app-preprod.ondc.org",
		"bap_uri": "https://buyer-app-preprod.ondc.org/protocol/v1",
		"bpp_id": "api3.eksecond.in",
		"bpp_uri": "https://api3.eksecond.in/ondc",
		"transaction_id": "5ea228e7-dbde-463c-8651-d1785d87bc2b",
		"message_id": "215d8651-0c7d-4fb7-ac07-63f6f1b81ed5",
		"timestamp": "2023-03-10T05:37:03.318Z"
	},
	"message": {
		"order": {
			"items": [
				{
					"id": "63db97929cc68fbae328fa65",
					"fulfillment_id": "99b00452-bd59-4e76-9240-9b6d29476ee1"
				},
				{
					"id": "6406d8476a4db5be4982126b",
					"fulfillment_id": "99b00452-bd59-4e76-9240-9b6d29476ee1"
				}
			],
			"provider": {
				"id": "632839af4bea4df42dfe336b"
			},
			"fulfillments": [
				{
					"id": "99b00452-bd59-4e76-9240-9b6d29476ee1",
					"@ondc/org/category": "Immediate Delivery",
					"@ondc/org/TAT": "PT1H45M",
					"@ondc/org/provider_name": "LoadShare Networks",
					"state": {
						"descriptor": {
							"code": "Serviceable"
						}
					},
					"tracking": false
				}
			],
			"quote": {
				"price": {
					"currency": "INR",
					"value": "1037.94"
				},
				"breakup": [
					{
						"title": "Imperial Special Mutton Biryani",
						"@ondc/org/item_id": "63db97929cc68fbae328fa65",
						"@ondc/org/title_type": "item",
						"price": {
							"currency": "INR",
							"value": "0.00"
						},
						"@ondc/org/item_quantity": {
							"count": 0
						},
						"item": {
							"quantity": {
								"available": {
									"count": "0"
								},
								"maximum": {
									"count": "0"
								}
							},
							"price": {
								"currency": "INR",
								"value": "439"
							}
						}
					},
					{
						"title": "Imperial Special Chicken Biryani",
						"@ondc/org/item_id": "6406d8476a4db5be4982126b",
						"@ondc/org/title_type": "item",
						"price": {
							"currency": "INR",
							"value": "900.00"
						},
						"@ondc/org/item_quantity": {
							"count": 3
						},
						"item": {
							"quantity": {
								"available": {
									"count": "3"
								},
								"maximum": {
									"count": "3"
								}
							},
							"price": {
								"currency": "INR",
								"value": "300"
							}
						}
					},
					{
						"title": "Packing charges",
						"@ondc/org/item_id": "99b00452-bd59-4e76-9240-9b6d29476ee1",
						"@ondc/org/title_type": "packing",
						"price": {
							"currency": "INR",
							"value": "2.5"
						}
					},
					{
						"title": "Tax",
						"@ondc/org/item_id": "63db97929cc68fbae328fa65",
						"@ondc/org/title_type": "tax",
						"price": {
							"currency": "INR",
							"value": "22.39"
						}
					},
					{
						"title": "Tax",
						"@ondc/org/item_id": "6406d8476a4db5be4982126b",
						"@ondc/org/title_type": "tax",
						"price": {
							"currency": "INR",
							"value": "15.30"
						}
					},
					{
						"title": "Delivery charges",
						"@ondc/org/item_id": "99b00452-bd59-4e76-9240-9b6d29476ee1",
						"@ondc/org/title_type": "delivery",
						"price": {
							"currency": "INR",
							"value": "39"
						}
					},
					{
						"title": "Convenience Fee",
						"@ondc/org/item_id": "99b00452-bd59-4e76-9240-9b6d29476ee1",
						"@ondc/org/title_type": "misc",
						"price": {
							"currency": "INR",
							"value": "58.75"
						}
					}
				],
				"ttl": "PT10M"
			}
		}
	},
	"error": {
		"type": "DOMAIN-ERROR",
		"code": "40002"
	}
}