{
	"context": {
		"domain": "nic2004:52110",
		"country": "IND",
		"city": "std:080",
		"action": "init",
		"core_version": "1.1.0",
		"bap_id": "buyer-app-preprod.ondc.org",
		"bap_uri": "https://buyer-app-preprod.ondc.org/protocol/v1",
		"bpp_uri": "https://api3.eksecond.in/ondc",
		"transaction_id": "5ea228e7-dbde-463c-8651-d1785d87bc2b",
		"message_id": "6faecd9c-3927-4180-a78e-c2ee9bc5e3ea",
		"timestamp": "2023-03-10T05:38:03.180Z",
		"bpp_id": "api3.eksecond.in",
		"ttl": "PT30S"
	},
	"message": {
		"order": {
			"provider": {
				"id": "632839af4bea4df42dfe336b",
				"locations": [
					{
						"id": "632839af4bea4df42dfe336b"
					}
				]
			},
			"items": [
				{
					"id": "6406d8476a4db5be4982126b",
					"quantity": {
						"count": 3
					},
					"fulfillment_id": "99b00452-bd59-4e76-9240-9b6d29476ee1"
				}
			],
			"billing": {
				"address": {
					"building": "New Malakpet",
					"city": "Bengaluru",
					"state": "Karnataka",
					"country": "IND",
					"area_code": "560035",
					"locality": "3rd Floor, Gold Sand, Ambalipura - Sarjapur Rd, Doddakannell",
					"name": "Najeeb"
				},
				"phone": "9000912423",
				"name": "Najeeb",
				"email": "masterblaster775@gmail.com",
				"created_at": "2023-03-10T05:38:03.180Z",
				"updated_at": "2023-03-10T05:38:03.180Z"
			},
			"fulfillments": [
				{
					"id": "99b00452-bd59-4e76-9240-9b6d29476ee1",
					"type": "Delivery",
					"tracking": false,
					"end": {
						"contact": {
							"email": "masterblaster775@gmail.com",
							"phone": "9000912423"
						},
						"location": {
							"gps": "12.9075050000001, 77.695502",
							"address": {
								"building": "New Malakpet",
								"city": "Bengaluru",
								"state": "Karnataka",
								"country": "IND",
								"area_code": "560035",
								"locality": "3rd Floor, Gold Sand, Ambalipura - Sarjapur Rd, Doddakannell",
								"name": "Najeeb"
							}
						}
					}
				}
			]
		}
	}
}