{
	"context": {
		"domain": "nic2004:52110",
		"country": "IND",
		"city": "std:080",
		"action": "on_init",
		"core_version": "1.1.0",
		"bap_id": "buyer-app-preprod.ondc.org",
		"bap_uri": "https://buyer-app-preprod.ondc.org/protocol/v1",
		"bpp_id": "api3.eksecond.in",
		"bpp_uri": "https://api3.eksecond.in/ondc",
		"transaction_id": "5ea228e7-dbde-463c-8651-d1785d87bc2b",
		"message_id": "6faecd9c-3927-4180-a78e-c2ee9bc5e3ea",
		"timestamp": "2023-03-10T05:38:10.398Z"
	},
	"message": {
		"order": {
			"items": [
				{
					"id": "63db97929cc68fbae328fa65",
					"fulfillment_id": "99b00452-bd59-4e76-9240-9b6d29476ee1",
					"quantity": {
						"count": 0
					}
				},
				{
					"id": "6406d8476a4db5be4982126b",
					"fulfillment_id": "99b00452-bd59-4e76-9240-9b6d29476ee1",
					"quantity": {
						"count": 3
					}
				}
			],
			"provider": {
				"id": "632839af4bea4df42dfe336b"
			},
			"provider_location": {
				"id": "632839af4bea4df42dfe336b"
			},
			"fulfillments": [
				{
					"id": "99b00452-bd59-4e76-9240-9b6d29476ee1",
					"type": "Delivery",
					"tracking": false,
					"end": {
						"location": {
							"gps": "12.913371523733359,77.68308302883554",
							"address": {
								"name": "Rumaan",
								"building": "1",
								"locality": "Doddakannelli",
								"city": "Bengaluru",
								"state": "Karnataka",
								"country": "IND",
								"area_code": "560035"
							}
						},
						"contact": {
							"phone": "9000912423",
							"email": "masterblaster775@gmail.com"
						}
					}
				}
			],
			"quote": {
				"price": {
					"currency": "INR",
					"value": "1037.94"
				},
				"breakup": [
					{
						"title": "Imperial Special Mutton Biryani",
						"@ondc/org/item_id": "63db97929cc68fbae328fa65",
						"@ondc/org/title_type": "item",
						"price": {
							"currency": "INR",
							"value": "0.00"
						},
						"@ondc/org/item_quantity": {
							"count": 0
						},
						"item": {
							"price": {
								"currency": "INR",
								"value": "439"
							}
						}
					},
					{
						"title": "Imperial Special Chicken Biryani",
						"@ondc/org/item_id": "6406d8476a4db5be4982126b",
						"@ondc/org/title_type": "item",
						"price": {
							"currency": "INR",
							"value": "900.00"
						},
						"@ondc/org/item_quantity": {
							"count": 3
						},
						"item": {
							"price": {
								"currency": "INR",
								"value": "300"
							}
						}
					},
					{
						"title": "Packing charges",
						"@ondc/org/item_id": "99b00452-bd59-4e76-9240-9b6d29476ee1",
						"@ondc/org/title_type": "packing",
						"price": {
							"currency": "INR",
							"value": "2.5"
						}
					},
					{
						"title": "Tax",
						"@ondc/org/item_id": "63db97929cc68fbae328fa65",
						"@ondc/org/title_type": "tax",
						"price": {
							"currency": "INR",
							"value": "22.39"
						}
					},
					{
						"title": "Tax",
						"@ondc/org/item_id": "6406d8476a4db5be4982126b",
						"@ondc/org/title_type": "tax",
						"price": {
							"currency": "INR",
							"value": "15.30"
						}
					},
					{
						"title": "Delivery charges",
						"@ondc/org/item_id": "99b00452-bd59-4e76-9240-9b6d29476ee1",
						"@ondc/org/title_type": "delivery",
						"price": {
							"currency": "INR",
							"value": "39"
						}
					},
					{
						"title": "Convenience Fee",
						"@ondc/org/item_id": "99b00452-bd59-4e76-9240-9b6d29476ee1",
						"@ondc/org/title_type": "misc",
						"price": {
							"currency": "INR",
							"value": "58.75"
						}
					}
				],
				"ttl": "PT10M"
			},
			"payment": {
				"collected_by": "BAP",
				"@ondc/org/buyer_app_finder_fee_type": "Percent",
				"@ondc/org/buyer_app_finder_fee_amount": "3",
				"@ondc/org/settlement_details": [
					{
						"settlement_counterparty": "seller-app",
						"settlement_phase": "sale-amount",
						"settlement_type": "neft",
						"settlement_bank_account_no": "1234512345",
						"settlement_ifsc_code": "15488ADEDD",
						"beneficiary_name": "Najeeb",
						"bank_name": "test",
						"branch_name": "test"
					}
				]
			},
			"billing": {
				"name": "Najeeb",
				"email": "masterblaster775@gmail.com",
				"phone": "9000912423",
				"created_at": "2023-03-10T05:38:03.180Z",
				"updated_at": "2023-03-10T05:38:03.180Z",
				"address": {
					"name": "Najeeb",
					"building": "New Malakpet",
					"locality": "3rd Floor, Gold Sand, Ambalipura - Sarjapur Rd, Doddakannell",
					"city": "Bengaluru",
					"state": "Karnataka",
					"country": "IND",
					"area_code": "560035"
				}
			}
		}
	}
}