{
	"context": {
		"domain": "nic2004:52110",
		"country": "IND",
		"city": "std:080",
		"action": "confirm",
		"core_version": "1.1.0",
		"bap_id": "buyer-app-preprod.ondc.org",
		"bap_uri": "https://buyer-app-preprod.ondc.org/protocol/v1",
		"bpp_id": "api3.eksecond.in",
		"bpp_uri": "https://api3.eksecond.in/ondc",
		"transaction_id": "5ea228e7-dbde-463c-8651-d1785d87bc2b",
		"message_id": "6e91885c-889e-4554-a19c-20cd58d90489",
		"timestamp": "2023-03-10T05:38:22.539Z",
		"ttl": "PT30S"
	},
	"message": {
		"order": {
			"id": "2023-02-10-371070",
			"created_at": "2023-03-10T05:38:22.539Z",
			"updated_at": "2023-03-10T05:38:22.539Z",
			"items": [
				{
					"id": "6406d8476a4db5be4982126b",
					"descriptor": null,
					"price": null,
					"category_id": null,
					"fulfillment_id": "99b00452-bd59-4e76-9240-9b6d29476ee1",
					"location_id": null,
					"quantity": {
						"count": 3,
						"measure": null,
						"isShort": null
					},
					"time": null,
					"@ondc/org/returnable": null,
					"@ondc/org/seller_pickup_return": null,
					"@ondc/org/return_window": null,
					"@ondc/org/cancellable": null,
					"@ondc/org/time_to_ship": null,
					"@ondc/org/available_on_cod": null,
					"@ondc/org/contact_details_consumer_care": null,
					"@ondc/org/statutory_reqs_packaged_commodities": null,
					"@ondc/org/statutory_reqs_prepackaged_food": null,
					"@ondc/org/mandatory_reqs_veggies_fruits": null,
					"tags": null
				}
			],
			"provider": {
				"id": "632839af4bea4df42dfe336b",
				"descriptor": null,
				"address": null,
				"@ondc/org/fssai_license_no": null,
				"rating": null,
				"time": null,
				"categories": null,
				"locations": [
					{
						"id": "632839af4bea4df42dfe336b",
						"descriptor": null,
						"gps": null,
						"address": null,
						"tags": null,
						"circle": null,
						"time": null
					}
				],
				"items": null,
				"ttl": null,
				"rateable": null
			},
			"provider_location": null,
			"fulfillments": [
				{
					"id": "99b00452-bd59-4e76-9240-9b6d29476ee1",
					"type": "Delivery",
					"@ondc/org/category": null,
					"@ondc/org/awb_no": null,
					"@ondc/org/ewaybillno": null,
					"@ondc/org/ebnexpirydate": null,
					"@ondc/org/TAT": null,
					"provider_id": null,
					"@ondc/org/provider_name": null,
					"rating": null,
					"state": null,
					"tracking": false,
					"agent": null,
					"person": null,
					"contact": null,
					"vehicle": null,
					"start": null,
					"end": {
						"location": {
							"id": null,
							"descriptor": null,
							"gps": "12.913371523733359,77.68308302883554",
							"address": {
								"name": "Rumaan",
								"building": "1",
								"locality": "Doddakannelli",
								"city": "Bengaluru",
								"state": "Karnataka",
								"country": "IND",
								"area_code": "560035"
							},
							"tags": null,
							"circle": null,
							"time": null
						},
						"time": null,
						"instructions": null,
						"contact": {
							"name": null,
							"phone": "9000912423",
							"email": "masterblaster775@gmail.com"
						},
						"person": {
							"name": "Najeeb",
							"image": null,
							"dob": null,
							"gender": null,
							"cred": null,
							"tags": null
						}
					},
					"rateable": null,
					"tags": null
				}
			],
			"quote": {
				"price": {
					"currency": "INR",
					"value": "1037.94",
					"maximum_value": null
				},
				"breakup": [
					{
						"title": "Imperial Special Mutton Biryani",
						"@ondc/org/item_id": "63db97929cc68fbae328fa65",
						"@ondc/org/title_type": "item",
						"price": {
							"currency": "INR",
							"value": "0.00",
							"maximum_value": null
						},
						"@ondc/org/item_quantity": {
							"count": 0,
							"measure": null,
							"isShort": null
						},
						"item": {
							"quantity": null,
							"price": {
								"currency": "INR",
								"value": "439",
								"maximum_value": null
							}
						}
					},
					{
						"title": "Imperial Special Chicken Biryani",
						"@ondc/org/item_id": "6406d8476a4db5be4982126b",
						"@ondc/org/title_type": "item",
						"price": {
							"currency": "INR",
							"value": "900.00",
							"maximum_value": null
						},
						"@ondc/org/item_quantity": {
							"count": 3,
							"measure": null,
							"isShort": null
						},
						"item": {
							"quantity": null,
							"price": {
								"currency": "INR",
								"value": "300",
								"maximum_value": null
							}
						}
					},
					{
						"title": "Packing charges",
						"@ondc/org/item_id": "99b00452-bd59-4e76-9240-9b6d29476ee1",
						"@ondc/org/title_type": "packing",
						"price": {
							"currency": "INR",
							"value": "2.5",
							"maximum_value": null
						},
						"@ondc/org/item_quantity": null,
						"item": null
					},
					{
						"title": "Tax",
						"@ondc/org/item_id": "63db97929cc68fbae328fa65",
						"@ondc/org/title_type": "tax",
						"price": {
							"currency": "INR",
							"value": "22.39",
							"maximum_value": null
						},
						"@ondc/org/item_quantity": null,
						"item": null
					},
					{
						"title": "Tax",
						"@ondc/org/item_id": "6406d8476a4db5be4982126b",
						"@ondc/org/title_type": "tax",
						"price": {
							"currency": "INR",
							"value": "15.30",
							"maximum_value": null
						},
						"@ondc/org/item_quantity": null,
						"item": null
					},
					{
						"title": "Delivery charges",
						"@ondc/org/item_id": "99b00452-bd59-4e76-9240-9b6d29476ee1",
						"@ondc/org/title_type": "delivery",
						"price": {
							"currency": "INR",
							"value": "39",
							"maximum_value": null
						},
						"@ondc/org/item_quantity": null,
						"item": null
					},
					{
						"title": "Convenience Fee",
						"@ondc/org/item_id": "99b00452-bd59-4e76-9240-9b6d29476ee1",
						"@ondc/org/title_type": "misc",
						"price": {
							"currency": "INR",
							"value": "58.75",
							"maximum_value": null
						},
						"@ondc/org/item_quantity": null,
						"item": null
					}
				],
				"ttl": "PT10M"
			},
			"payment": {
				"uri": "https://juspay.in/",
				"tl_method": "http/get",
				"params": {
					"transaction_id": "ONDC-5ea228e7-dbde-463c-8651-d1785d87bc2b-1",
					"transaction_status": null,
					"amount": "1037.94",
					"currency": "INR",
					"additionalProp1": null,
					"additionalProp2": null,
					"additionalProp3": null
				},
				"type": "ON-ORDER",
				"status": "PAID",
				"time": null,
				"collected_by": "BAP",
				"@ondc/org/collected_by_status": null,
				"@ondc/org/buyer_app_finder_fee_type": "percent",
				"@ondc/org/buyer_app_finder_fee_amount": "3.0",
				"@ondc/org/collection_amount": null,
				"@ondc/org/settlement_details": [
					{
						"settlement_counterparty": "seller-app",
						"settlement_phase": "sale-amount",
						"settlement_type": "neft",
						"settlement_bank_account_no": "1234512345",
						"settlement_ifsc_code": "15488ADEDD",
						"upi_address": null,
						"beneficiary_name": "Najeeb",
						"bank_name": "test",
						"branch_name": "test",
						"beneficiary_address": null,
						"settlement_status": null,
						"settlement_reference": null,
						"settlement_timestamp": null
					}
				]
			},
			"billing": {
				"name": "Najeeb",
				"email": "masterblaster775@gmail.com",
				"phone": "9000912423",
				"created_at": "2023-03-10T05:38:03.180Z",
				"updated_at": "2023-03-10T05:38:03.180Z",
				"address": {
					"name": "Najeeb",
					"building": "New Malakpet",
					"locality": "3rd Floor, Gold Sand, Ambalipura - Sarjapur Rd, Doddakannell",
					"city": "Bengaluru",
					"state": "Karnataka",
					"country": "IND",
					"area_code": "560035"
				},
				"tax_number": null
			},
			"state": "Created",
			"tags": null,
			"cancellationTags": null
		}
	},
	"error": null
}