{
	"context": {
		"domain": "nic2004:52110",
		"country": "IND",
		"city": "std:080",
		"action": "cancel",
		"core_version": "1.1.0",
		"bap_id": "buyer-app-preprod.ondc.org",
		"bap_uri": "https://buyer-app-preprod.ondc.org/protocol/v1",
		"bpp_uri": "https://api3.eksecond.in/ondc",
		"transaction_id": "5ea228e7-dbde-463c-8651-d1785d87bc2b",
		"message_id": "dd0ad589-9c2a-4bb1-bff3-c7f066c733bd",
		"timestamp": "2023-03-10T05:39:34.119Z",
		"bpp_id": "api3.eksecond.in",
		"ttl": "PT30S"
	},
	"message": {
		"order_id": "2023-02-10-371070",
		"cancellation_reason_id": "001"
	}
}