{
	"context": {
		"domain": "nic2004:52110",
		"country": "IND",
		"city": "std:080",
		"action": "on_cancel",
		"core_version": "1.1.0",
		"bap_id": "buyer-app-preprod.ondc.org",
		"bap_uri": "https://buyer-app-preprod.ondc.org/protocol/v1",
		"bpp_id": "api3.eksecond.in",
		"bpp_uri": "https://api3.eksecond.in/ondc",
		"transaction_id": "5ea228e7-dbde-463c-8651-d1785d87bc2b",
		"message_id": "dd0ad589-9c2a-4bb1-bff3-c7f066c733bd",
		"timestamp": "2023-03-10T05:38:27.194Z"
	},
	"message": {
		"order": {
			"id": "2023-02-10-371070",
			"state": "Cancelled",
			"tags": {
				"cancellation_reason_id": "001"
			}
		}
	}
}