{
	"context": {
		"domain": "nic2004:60232",
		"country": "IND",
		"city": "std:080",
		"action": "search",
		"core_version": "1.1.0",
		"bap_id": "api3.eksecond.in",
		"bap_uri": "https://api3.eksecond.in/ondc",
		"transaction_id": "632839af4bea4df42dfe336b|e49d0500-91fd-41b8-9ba9-c80f9623e1ad",
		"message_id": "cdc71afa-204b-4abe-b304-8769b10774e3",
		"timestamp": "2023-03-10T07:12:28.647Z",
		"ttl": "PT30S"
	},
	"message": {
		"intent": {
			"provider": {
				"time": {
					"range": {
						"start": "0600",
						"end": "2100"
					},
					"days": "1,2,3,4,5,6,7",
					"schedule": {
						"frequency": "PT17H",
						"holidays": [
							"2023-01-01"
						],
						"times": [
							"0600"
						]
					}
				}
			},
			"fulfillment": {
				"type": "Prepaid",
				"start": {
					"location": {
						"gps": "12.913371523733359,77.68308302883554",
						"address": {
							"area_code": "560035"
						}
					}
				},
				"end": {
					"location": {
						"gps": "12.9134750000001, 77.6783750000001",
						"address": {
							"area_code": "560035"
						}
					}
				}
			},
			"payment": {
				"@ondc/org/settlement_details": []
			},
			"category": {
				"id": "Immediate Delivery"
			},
			"@ondc/org/payload_details": {
				"weight": {
					"unit": "Kilogram",
					"value": 1
				},
				"dimensions": {
					"length": {
						"unit": "meter",
						"value": 1
					},
					"breadth": {
						"unit": "meter",
						"value": 1
					},
					"height": {
						"unit": "meter",
						"value": 1
					}
				},
				"category": "F&B",
				"value": {
					"currency": "INR",
					"value": "265.25"
				}
			}
		}
	}
}