{
	"context": {
		"domain": "nic2004:60232",
		"country": "IND",
		"city": "std:080",
		"action": "on_cancel",
		"core_version": "1.1.0",
		"bap_id": "api3.eksecond.in",
		"bap_uri": "https://api3.eksecond.in/ondc",
		"bpp_id": "ondc-preprod.loadshare.net",
		"bpp_uri": "https://ondc-preprod.loadshare.net/logistics/bpp",
		"transaction_id": "632839af4bea4df42dfe336b|e49d0500-91fd-41b8-9ba9-c80f9623e1ad",
		"message_id": "ef5f30b7-879a-4eef-8d90-2cbd2443350b",
		"timestamp": "2023-03-10T07:22:50.218Z"
	},
	"message": {
		"order": {
			"id": "2a6b9eee-7dd0-405e-9920-e2cba771486e",
			"state": "Cancelled",
			"fulfillments": [
				{
					"id": "lsn_prepaid",
					"type": "Prepaid",
					"state": {
						"descriptor": {
							"code": "Cancelled"
						}
					},
					"tags": {
						"cancellation_reason_id": "005"
					}
				}
			]
		}
	}
}