{
	"context": {
		"domain": "nic2004:60232",
		"country": "IND",
		"city": "std:080",
		"action": "status",
		"core_version": "1.1.0",
		"bap_id": "api3.eksecond.in",
		"bap_uri": "https://api3.eksecond.in/ondc",
		"bpp_id": "ondc-preprod.loadshare.net",
		"bpp_uri": "https://ondc-preprod.loadshare.net/logistics/bpp",
		"transaction_id": "632839af4bea4df42dfe336b|e49d0500-91fd-41b8-9ba9-c80f9623e1ad",
		"message_id": "add5b217-7659-409f-9cae-c3b0775ebf0c",
		"timestamp": "2023-03-10T07:13:17.463Z",
		"ttl": "PT30S"
	},
	"message": {
		"order_id": "2a6b9eee-7dd0-405e-9920-e2cba771486e"
	}
}