{
	"context": {
		"domain": "nic2004:52110",
		"country": "IND",
		"city": "std:080",
		"action": "init",
		"core_version": "1.1.0",
		"bap_id": "buyer-app-preprod.ondc.org",
		"bap_uri": "https://buyer-app-preprod.ondc.org/protocol/v1",
		"bpp_uri": "https://api3.eksecond.in/ondc",
		"transaction_id": "7b647b8b-e122-4d51-b98f-290aab12ac4f",
		"message_id": "3a0938fb-b82f-4fa6-b5b8-2fff75dfbc6c",
		"timestamp": "2023-03-10T03:15:15.854Z",
		"bpp_id": "api3.eksecond.in",
		"ttl": "PT30S"
	},
	"message": {
		"order": {
			"provider": {
				"id": "632839af4bea4df42dfe336b",
				"locations": [
					{
						"id": "632839af4bea4df42dfe336b"
					}
				]
			},
			"items": [
				{
					"id": "63db97929cc68fbae328fa65",
					"quantity": {
						"count": 3
					},
					"fulfillment_id": "8d6b1c3e-9a70-4e5f-968a-4107af391840"
				},
				{
					"id": "640843cb6a4db5be49821325",
					"quantity": {
						"count": 1
					},
					"fulfillment_id": "8d6b1c3e-9a70-4e5f-968a-4107af391840"
				}
			],
			"billing": {
				"address": {
					"building": "New Malakpet",
					"city": "Bengaluru",
					"state": "Karnataka",
					"country": "IND",
					"area_code": "560035",
					"locality": "3rd Floor, Gold Sand, Ambalipura - Sarjapur Rd, Doddakannell",
					"name": "Najeeb"
				},
				"phone": "9000912423",
				"name": "Najeeb",
				"email": "masterblaster775@gmail.com",
				"created_at": "2023-03-10T03:15:15.854Z",
				"updated_at": "2023-03-10T03:15:15.854Z"
			},
			"fulfillments": [
				{
					"id": "8d6b1c3e-9a70-4e5f-968a-4107af391840",
					"type": "Delivery",
					"tracking": false,
					"end": {
						"contact": {
							"email": "masterblaster775@gmail.com",
							"phone": "9000912423"
						},
						"location": {
							"gps": "12.9075050000001, 77.695502",
							"address": {
								"building": "New Malakpet",
								"city": "Bengaluru",
								"state": "Karnataka",
								"country": "IND",
								"area_code": "560035",
								"locality": "3rd Floor, Gold Sand, Ambalipura - Sarjapur Rd, Doddakannell",
								"name": "Najeeb"
							}
						}
					}
				}
			]
		}
	}
}