{
	"context": {
		"domain": "nic2004:52110",
		"country": "IND",
		"city": "std:080",
		"action": "on_select",
		"core_version": "1.1.0",
		"bap_id": "buyer-app-preprod.ondc.org",
		"bap_uri": "https://buyer-app-preprod.ondc.org/protocol/v1",
		"bpp_id": "api3.eksecond.in",
		"bpp_uri": "https://api3.eksecond.in/ondc",
		"transaction_id": "7b647b8b-e122-4d51-b98f-290aab12ac4f",
		"message_id": "176c00ea-fe89-49f2-9aa5-c66ab03c7c9e",
		"timestamp": "2023-03-10T03:14:23.469Z"
	},
	"message": {
		"order": {
			"items": [
				{
					"id": "63db97929cc68fbae328fa65",
					"fulfillment_id": "8d6b1c3e-9a70-4e5f-968a-4107af391840"
				},
				{
					"id": "640843cb6a4db5be49821325",
					"fulfillment_id": "8d6b1c3e-9a70-4e5f-968a-4107af391840"
				}
			],
			"provider": {
				"id": "632839af4bea4df42dfe336b"
			},
			"fulfillments": [
				{
					"id": "8d6b1c3e-9a70-4e5f-968a-4107af391840",
					"@ondc/org/category": "Immediate Delivery",
					"@ondc/org/TAT": "PT1H45M",
					"@ondc/org/provider_name": "LoadShare Networks",
					"state": {
						"descriptor": {
							"code": "Serviceable"
						}
					},
					"tracking": false
				}
			],
			"quote": {
				"price": {
					"currency": "INR",
					"value": "1842.52"
				},
				"breakup": [
					{
						"title": "Imperial Special Mutton Biryani",
						"@ondc/org/item_id": "63db97929cc68fbae328fa65",
						"@ondc/org/title_type": "item",
						"price": {
							"currency": "INR",
							"value": "1317.00"
						},
						"@ondc/org/item_quantity": {
							"count": 3
						},
						"item": {
							"quantity": {
								"available": {
									"count": "3"
								},
								"maximum": {
									"count": "3"
								}
							},
							"price": {
								"currency": "INR",
								"value": "439"
							}
						}
					},
					{
						"title": "Chicken Biryani Plate",
						"@ondc/org/item_id": "640843cb6a4db5be49821325",
						"@ondc/org/title_type": "item",
						"price": {
							"currency": "INR",
							"value": "340.00"
						},
						"@ondc/org/item_quantity": {
							"count": 1
						},
						"item": {
							"quantity": {
								"available": {
									"count": "1"
								},
								"maximum": {
									"count": "1"
								}
							},
							"price": {
								"currency": "INR",
								"value": "340"
							}
						}
					},
					{
						"title": "Packing charges",
						"@ondc/org/item_id": "8d6b1c3e-9a70-4e5f-968a-4107af391840",
						"@ondc/org/title_type": "packing",
						"price": {
							"currency": "INR",
							"value": "2.5"
						}
					},
					{
						"title": "Tax",
						"@ondc/org/item_id": "63db97929cc68fbae328fa65",
						"@ondc/org/title_type": "tax",
						"price": {
							"currency": "INR",
							"value": "22.39"
						}
					},
					{
						"title": "Tax",
						"@ondc/org/item_id": "640843cb6a4db5be49821325",
						"@ondc/org/title_type": "tax",
						"price": {
							"currency": "INR",
							"value": "17.34"
						}
					},
					{
						"title": "Delivery charges",
						"@ondc/org/item_id": "8d6b1c3e-9a70-4e5f-968a-4107af391840",
						"@ondc/org/title_type": "delivery",
						"price": {
							"currency": "INR",
							"value": "39"
						}
					},
					{
						"title": "Convenience Fee",
						"@ondc/org/item_id": "8d6b1c3e-9a70-4e5f-968a-4107af391840",
						"@ondc/org/title_type": "misc",
						"price": {
							"currency": "INR",
							"value": "104.29"
						}
					}
				],
				"ttl": "PT10M"
			}
		}
	},
	"error": {
		"type": "DOMAIN-ERROR",
		"code": "40002"
	}
}