{
	"context": {
		"domain": "nic2004:52110",
		"country": "IND",
		"city": "std:080",
		"action": "status",
		"core_version": "1.1.0",
		"bap_id": "buyer-app-preprod.ondc.org",
		"bap_uri": "https://buyer-app-preprod.ondc.org/protocol/v1",
		"bpp_uri": "https://api3.eksecond.in/ondc",
		"transaction_id": "7b647b8b-e122-4d51-b98f-290aab12ac4f",
		"message_id": "9a23f2fc-6824-4867-804c-c936b5b8553d",
		"timestamp": "2023-03-10T03:24:24.644Z",
		"bpp_id": "api3.eksecond.in",
		"ttl": "PT30S"
	},
	"message": {
		"order_id": "2023-02-10-588173"
	}
}