{
	"context": {
		"domain": "nic2004:52110",
		"country": "IND",
		"city": "std:080",
		"action": "on_search",
		"core_version": "1.1.0",
		"bap_id": "buyer-app-preprod.ondc.org",
		"bap_uri": "https://buyer-app-preprod.ondc.org/protocol/v1",
		"bpp_id": "api3.eksecond.in",
		"bpp_uri": "https://api3.eksecond.in/ondc",
		"transaction_id": "a136201b-0659-4497-8834-09f3cd4a79f9",
		"message_id": "67103b49-a07a-4416-9252-7855611616b4",
		"timestamp": "2023-03-08T20:12:45.793Z"
	},
	"message": {
		"catalog": {
			"bpp/descriptor": {
				"name": "Ek Second",
				"symbol": "https://ondcresources.blob.core.windows.net/images/logo_small.jpg",
				"short_desc": "The EkSecond POS",
				"long_desc": "The EkSecond POS",
				"images": [
					"https://ondcresources.blob.core.windows.net/images/logo_small.jpg"
				]
			},
			"bpp/providers": [
				{
					"id": "632839af4bea4df42dfe336b",
					"descriptor": {
						"name": "Rumaan",
						"symbol": "https://ondcresources.blob.core.windows.net/images/spice9.png",
						"short_desc": "Rumaan - An authentic biryani restaurant",
						"long_desc": "Rumaan - An authentic biryani restaurant",
						"images": [
							"https://ondcresources.blob.core.windows.net/images/spice9.png"
						]
					},
					"@ondc/org/fssai_license_no": "11222302000968",
					"time": {
						"label": "enable",
						"timestamp": "2023-03-08T20:12:45.793Z"
					},
					"locations": [
						{
							"id": "632839af4bea4df42dfe336b",
							"gps": "12.913371523733359,77.68308302883554",
							"address": {
								"name": "Rumaan",
								"building": "1",
								"locality": "Doddakannelli",
								"city": "Bengaluru",
								"state": "Karnataka",
								"country": "IND",
								"area_code": "560035"
							},
							"circle": {
								"gps": "12.9108368820838, 77.68566072642056",
								"radius": {
									"value": 25,
									"unit": "km"
								}
							},
							"time": {
								"range": {
									"start": "0600",
									"end": "2300"
								},
								"days": "1,2,3,4,5,6,7",
								"schedule": {
									"frequency": "PT17H",
									"holidays": [
										"2023-01-01"
									],
									"times": [
										"0600"
									]
								}
							}
						}
					],
					"items": [
						{
							"id": "640843cb6a4db5be49821329",
							"descriptor": {
								"name": "Mutton Biryani Plate",
								"symbol": "https://ondcresources.blob.core.windows.net/tenants/images/Spice%209/no-image.png",
								"short_desc": "Mutton Biryani Plate",
								"long_desc": "Mutton Biryani Plate",
								"images": [
									"https://ondcresources.blob.core.windows.net/tenants/images/Spice%209/no-image.png"
								]
							},
							"price": {
								"currency": "INR",
								"value": "320",
								"maximum_value": "320"
							},
							"category_id": "F&B",
							"fulfillment_id": "1",
							"location_id": "632839af4bea4df42dfe336b",
							"quantity": {
								"available": {
									"count": "1000"
								},
								"maximum": {
									"count": "1000"
								}
							},
							"@ondc/org/returnable": false,
							"@ondc/org/seller_pickup_return": false,
							"@ondc/org/return_window": "PT2H",
							"@ondc/org/cancellable": false,
							"@ondc/org/time_to_ship": "PT45M",
							"@ondc/org/available_on_cod": false,
							"@ondc/org/contact_details_consumer_care": "Najeeb, Maitrivan Colony Old Bowenpally Secbad, najeeb@eksecond.in, 9000912423",
							"tags": {
								"non_veg": "yes",
								"veg": "no"
							}
						},
						{
							"id": "63db97929cc68fbae328fa65",
							"descriptor": {
								"name": "Imperial Special Mutton Biryani",
								"symbol": "https://ondcresources.blob.core.windows.net/tenants/images/Imperial%20Multi-Cusine%20Restaurant/xwynhndt3l8cckfwcghi.png",
								"short_desc": "Imperial Special Mutton Biryani",
								"long_desc": "Imperial Special Mutton Biryani",
								"images": [
									"https://ondcresources.blob.core.windows.net/tenants/images/Imperial%20Multi-Cusine%20Restaurant/xwynhndt3l8cckfwcghi.png"
								]
							},
							"price": {
								"currency": "INR",
								"value": "439",
								"maximum_value": "439"
							},
							"category_id": "F&B",
							"fulfillment_id": "1",
							"location_id": "632839af4bea4df42dfe336b",
							"quantity": {
								"available": {
									"count": "1000"
								},
								"maximum": {
									"count": "1000"
								}
							},
							"@ondc/org/returnable": true,
							"@ondc/org/seller_pickup_return": false,
							"@ondc/org/return_window": "PT2H",
							"@ondc/org/cancellable": true,
							"@ondc/org/time_to_ship": "PT45M",
							"@ondc/org/available_on_cod": false,
							"@ondc/org/contact_details_consumer_care": "Najeeb, Maitrivan Colony Old Bowenpally Secbad, najeeb@eksecond.in, 9000912423",
							"tags": {
								"non_veg": "yes",
								"veg": "no"
							}
						},
						{
							"id": "640843cb6a4db5be4982132b",
							"descriptor": {
								"name": "Egg Biryani",
								"symbol": "https://ondcresources.blob.core.windows.net/tenants/images/Spice%209/no-image.png",
								"short_desc": "Egg Biryani",
								"long_desc": "Egg Biryani",
								"images": [
									"https://ondcresources.blob.core.windows.net/tenants/images/Spice%209/no-image.png"
								]
							},
							"price": {
								"currency": "INR",
								"value": "200",
								"maximum_value": "200"
							},
							"category_id": "F&B",
							"fulfillment_id": "1",
							"location_id": "632839af4bea4df42dfe336b",
							"quantity": {
								"available": {
									"count": "1000"
								},
								"maximum": {
									"count": "1000"
								}
							},
							"@ondc/org/returnable": false,
							"@ondc/org/seller_pickup_return": false,
							"@ondc/org/return_window": "PT2H",
							"@ondc/org/cancellable": false,
							"@ondc/org/time_to_ship": "PT45M",
							"@ondc/org/available_on_cod": false,
							"@ondc/org/contact_details_consumer_care": "Najeeb, Maitrivan Colony Old Bowenpally Secbad, najeeb@eksecond.in, 9000912423",
							"tags": {
								"non_veg": "yes",
								"veg": "no"
							}
						},
						{
							"id": "640843cb6a4db5be4982132c",
							"descriptor": {
								"name": "Biryani Rice",
								"symbol": "https://ondcresources.blob.core.windows.net/tenants/images/Spice%209/no-image.png",
								"short_desc": "Biryani Rice",
								"long_desc": "Biryani Rice",
								"images": [
									"https://ondcresources.blob.core.windows.net/tenants/images/Spice%209/no-image.png"
								]
							},
							"price": {
								"currency": "INR",
								"value": "140",
								"maximum_value": "140"
							},
							"category_id": "F&B",
							"fulfillment_id": "1",
							"location_id": "632839af4bea4df42dfe336b",
							"quantity": {
								"available": {
									"count": "1000"
								},
								"maximum": {
									"count": "1000"
								}
							},
							"@ondc/org/returnable": false,
							"@ondc/org/seller_pickup_return": false,
							"@ondc/org/return_window": "PT2H",
							"@ondc/org/cancellable": false,
							"@ondc/org/time_to_ship": "PT45M",
							"@ondc/org/available_on_cod": false,
							"@ondc/org/contact_details_consumer_care": "Najeeb, Maitrivan Colony Old Bowenpally Secbad, najeeb@eksecond.in, 9000912423",
							"tags": {
								"non_veg": "no",
								"veg": "yes"
							}
						},
						{
							"id": "640843cb6a4db5be4982133c",
							"descriptor": {
								"name": "Panner Biryani",
								"symbol": "https://ondcresources.blob.core.windows.net/tenants/images/Spice%209/no-image.png",
								"short_desc": "Panner Biryani",
								"long_desc": "Panner Biryani",
								"images": [
									"https://ondcresources.blob.core.windows.net/tenants/images/Spice%209/no-image.png"
								]
							},
							"price": {
								"currency": "INR",
								"value": "360",
								"maximum_value": "360"
							},
							"category_id": "F&B",
							"fulfillment_id": "1",
							"location_id": "632839af4bea4df42dfe336b",
							"quantity": {
								"available": {
									"count": "1000"
								},
								"maximum": {
									"count": "1000"
								}
							},
							"@ondc/org/returnable": false,
							"@ondc/org/seller_pickup_return": false,
							"@ondc/org/return_window": "PT2H",
							"@ondc/org/cancellable": false,
							"@ondc/org/time_to_ship": "PT45M",
							"@ondc/org/available_on_cod": false,
							"@ondc/org/contact_details_consumer_care": "Najeeb, Maitrivan Colony Old Bowenpally Secbad, najeeb@eksecond.in, 9000912423",
							"tags": {
								"non_veg": "no",
								"veg": "yes"
							}
						},
						{
							"id": "6406d8476a4db5be4982126b",
							"descriptor": {
								"name": "Imperial Special Chicken Biryani",
								"symbol": "https://ondcresources.blob.core.windows.net/tenants/images/Imperial%20Multi-Cusine%20Restaurant/xwynhndt3l8cckfwcghi.png",
								"short_desc": "Imperial Special Chicken Biryani",
								"long_desc": "Imperial Special Chicken Biryani",
								"images": [
									"https://ondcresources.blob.core.windows.net/tenants/images/Imperial%20Multi-Cusine%20Restaurant/xwynhndt3l8cckfwcghi.png"
								]
							},
							"price": {
								"currency": "INR",
								"value": "250",
								"maximum_value": "250"
							},
							"category_id": "F&B",
							"fulfillment_id": "1",
							"location_id": "632839af4bea4df42dfe336b",
							"quantity": {
								"available": {
									"count": "1000"
								},
								"maximum": {
									"count": "1000"
								}
							},
							"@ondc/org/returnable": true,
							"@ondc/org/seller_pickup_return": false,
							"@ondc/org/return_window": "PT2H",
							"@ondc/org/cancellable": true,
							"@ondc/org/time_to_ship": "PT45M",
							"@ondc/org/available_on_cod": false,
							"@ondc/org/contact_details_consumer_care": "Najeeb, Maitrivan Colony Old Bowenpally Secbad, najeeb@eksecond.in, 9000912423",
							"tags": {
								"non_veg": "yes",
								"veg": "no"
							}
						},
						{
							"id": "640843cb6a4db5be49821325",
							"descriptor": {
								"name": "Chicken Biryani Plate",
								"symbol": "https://ondcresources.blob.core.windows.net/tenants/images/Spice%209/no-image.png",
								"short_desc": "Chicken Biryani Plate",
								"long_desc": "Chicken Biryani Plate",
								"images": [
									"https://ondcresources.blob.core.windows.net/tenants/images/Spice%209/no-image.png"
								]
							},
							"price": {
								"currency": "INR",
								"value": "340",
								"maximum_value": "340"
							},
							"category_id": "F&B",
							"fulfillment_id": "1",
							"location_id": "632839af4bea4df42dfe336b",
							"quantity": {
								"available": {
									"count": "1000"
								},
								"maximum": {
									"count": "1000"
								}
							},
							"@ondc/org/returnable": false,
							"@ondc/org/seller_pickup_return": false,
							"@ondc/org/return_window": "PT2H",
							"@ondc/org/cancellable": false,
							"@ondc/org/time_to_ship": "PT45M",
							"@ondc/org/available_on_cod": false,
							"@ondc/org/contact_details_consumer_care": "Najeeb, Maitrivan Colony Old Bowenpally Secbad, najeeb@eksecond.in, 9000912423",
							"tags": {
								"non_veg": "yes",
								"veg": "no"
							}
						},
						{
							"id": "640843cb6a4db5be4982132d",
							"descriptor": {
								"name": "Fish Dum Biryani",
								"symbol": "https://ondcresources.blob.core.windows.net/tenants/images/Spice%209/no-image.png",
								"short_desc": "Fish Dum Biryani",
								"long_desc": "Fish Dum Biryani",
								"images": [
									"https://ondcresources.blob.core.windows.net/tenants/images/Spice%209/no-image.png"
								]
							},
							"price": {
								"currency": "INR",
								"value": "320",
								"maximum_value": "320"
							},
							"category_id": "F&B",
							"fulfillment_id": "1",
							"location_id": "632839af4bea4df42dfe336b",
							"quantity": {
								"available": {
									"count": "1000"
								},
								"maximum": {
									"count": "1000"
								}
							},
							"@ondc/org/returnable": false,
							"@ondc/org/seller_pickup_return": false,
							"@ondc/org/return_window": "PT2H",
							"@ondc/org/cancellable": false,
							"@ondc/org/time_to_ship": "PT45M",
							"@ondc/org/available_on_cod": false,
							"@ondc/org/contact_details_consumer_care": "Najeeb, Maitrivan Colony Old Bowenpally Secbad, najeeb@eksecond.in, 9000912423",
							"tags": {
								"non_veg": "yes",
								"veg": "no"
							}
						},
						{
							"id": "640843cb6a4db5be4982132e",
							"descriptor": {
								"name": "Prawns Dum Biryani",
								"symbol": "https://ondcresources.blob.core.windows.net/tenants/images/Spice%209/no-image.png",
								"short_desc": "Prawns Dum Biryani",
								"long_desc": "Prawns Dum Biryani",
								"images": [
									"https://ondcresources.blob.core.windows.net/tenants/images/Spice%209/no-image.png"
								]
							},
							"price": {
								"currency": "INR",
								"value": "320",
								"maximum_value": "320"
							},
							"category_id": "F&B",
							"fulfillment_id": "1",
							"location_id": "632839af4bea4df42dfe336b",
							"quantity": {
								"available": {
									"count": "1000"
								},
								"maximum": {
									"count": "1000"
								}
							},
							"@ondc/org/returnable": false,
							"@ondc/org/seller_pickup_return": false,
							"@ondc/org/return_window": "PT2H",
							"@ondc/org/cancellable": false,
							"@ondc/org/time_to_ship": "PT45M",
							"@ondc/org/available_on_cod": false,
							"@ondc/org/contact_details_consumer_care": "Najeeb, Maitrivan Colony Old Bowenpally Secbad, najeeb@eksecond.in, 9000912423",
							"tags": {
								"non_veg": "yes",
								"veg": "no"
							}
						},
						{
							"id": "640843cb6a4db5be49821331",
							"descriptor": {
								"name": "Egg Handi Biryani",
								"symbol": "https://ondcresources.blob.core.windows.net/tenants/images/Spice%209/no-image.png",
								"short_desc": "Egg Handi Biryani",
								"long_desc": "Egg Handi Biryani",
								"images": [
									"https://ondcresources.blob.core.windows.net/tenants/images/Spice%209/no-image.png"
								]
							},
							"price": {
								"currency": "INR",
								"value": "260",
								"maximum_value": "260"
							},
							"category_id": "F&B",
							"fulfillment_id": "1",
							"location_id": "632839af4bea4df42dfe336b",
							"quantity": {
								"available": {
									"count": "1000"
								},
								"maximum": {
									"count": "1000"
								}
							},
							"@ondc/org/returnable": false,
							"@ondc/org/seller_pickup_return": false,
							"@ondc/org/return_window": "PT2H",
							"@ondc/org/cancellable": false,
							"@ondc/org/time_to_ship": "PT45M",
							"@ondc/org/available_on_cod": false,
							"@ondc/org/contact_details_consumer_care": "Najeeb, Maitrivan Colony Old Bowenpally Secbad, najeeb@eksecond.in, 9000912423",
							"tags": {
								"non_veg": "yes",
								"veg": "no"
							}
						},
						{
							"id": "640843cb6a4db5be49821332",
							"descriptor": {
								"name": "Fish Handi Biryani",
								"symbol": "https://ondcresources.blob.core.windows.net/tenants/images/Spice%209/no-image.png",
								"short_desc": "Fish Handi Biryani",
								"long_desc": "Fish Handi Biryani",
								"images": [
									"https://ondcresources.blob.core.windows.net/tenants/images/Spice%209/no-image.png"
								]
							},
							"price": {
								"currency": "INR",
								"value": "360",
								"maximum_value": "360"
							},
							"category_id": "F&B",
							"fulfillment_id": "1",
							"location_id": "632839af4bea4df42dfe336b",
							"quantity": {
								"available": {
									"count": "1000"
								},
								"maximum": {
									"count": "1000"
								}
							},
							"@ondc/org/returnable": false,
							"@ondc/org/seller_pickup_return": false,
							"@ondc/org/return_window": "PT2H",
							"@ondc/org/cancellable": false,
							"@ondc/org/time_to_ship": "PT45M",
							"@ondc/org/available_on_cod": false,
							"@ondc/org/contact_details_consumer_care": "Najeeb, Maitrivan Colony Old Bowenpally Secbad, najeeb@eksecond.in, 9000912423",
							"tags": {
								"non_veg": "yes",
								"veg": "no"
							}
						},
						{
							"id": "640843cb6a4db5be49821334",
							"descriptor": {
								"name": "Prawns Handi Biryani",
								"symbol": "https://ondcresources.blob.core.windows.net/tenants/images/Spice%209/no-image.png",
								"short_desc": "Prawns Handi Biryani",
								"long_desc": "Prawns Handi Biryani",
								"images": [
									"https://ondcresources.blob.core.windows.net/tenants/images/Spice%209/no-image.png"
								]
							},
							"price": {
								"currency": "INR",
								"value": "360",
								"maximum_value": "360"
							},
							"category_id": "F&B",
							"fulfillment_id": "1",
							"location_id": "632839af4bea4df42dfe336b",
							"quantity": {
								"available": {
									"count": "1000"
								},
								"maximum": {
									"count": "1000"
								}
							},
							"@ondc/org/returnable": false,
							"@ondc/org/seller_pickup_return": false,
							"@ondc/org/return_window": "PT2H",
							"@ondc/org/cancellable": false,
							"@ondc/org/time_to_ship": "PT45M",
							"@ondc/org/available_on_cod": false,
							"@ondc/org/contact_details_consumer_care": "Najeeb, Maitrivan Colony Old Bowenpally Secbad, najeeb@eksecond.in, 9000912423",
							"tags": {
								"non_veg": "yes",
								"veg": "no"
							}
						},
						{
							"id": "640843cb6a4db5be49821335",
							"descriptor": {
								"name": "Special Chicken Boneless Biryani",
								"symbol": "https://ondcresources.blob.core.windows.net/tenants/images/Spice%209/no-image.png",
								"short_desc": "Special Chicken Boneless Biryani",
								"long_desc": "Special Chicken Boneless Biryani",
								"images": [
									"https://ondcresources.blob.core.windows.net/tenants/images/Spice%209/no-image.png"
								]
							},
							"price": {
								"currency": "INR",
								"value": "320",
								"maximum_value": "320"
							},
							"category_id": "F&B",
							"fulfillment_id": "1",
							"location_id": "632839af4bea4df42dfe336b",
							"quantity": {
								"available": {
									"count": "1000"
								},
								"maximum": {
									"count": "1000"
								}
							},
							"@ondc/org/returnable": false,
							"@ondc/org/seller_pickup_return": false,
							"@ondc/org/return_window": "PT2H",
							"@ondc/org/cancellable": false,
							"@ondc/org/time_to_ship": "PT45M",
							"@ondc/org/available_on_cod": false,
							"@ondc/org/contact_details_consumer_care": "Najeeb, Maitrivan Colony Old Bowenpally Secbad, najeeb@eksecond.in, 9000912423",
							"tags": {
								"non_veg": "yes",
								"veg": "no"
							}
						},
						{
							"id": "640843cb6a4db5be49821337",
							"descriptor": {
								"name": "Veg Dum Biryani",
								"symbol": "https://ondcresources.blob.core.windows.net/tenants/images/Spice%209/no-image.png",
								"short_desc": "Veg Dum Biryani",
								"long_desc": "Veg Dum Biryani",
								"images": [
									"https://ondcresources.blob.core.windows.net/tenants/images/Spice%209/no-image.png"
								]
							},
							"price": {
								"currency": "INR",
								"value": "190",
								"maximum_value": "190"
							},
							"category_id": "F&B",
							"fulfillment_id": "1",
							"location_id": "632839af4bea4df42dfe336b",
							"quantity": {
								"available": {
									"count": "1000"
								},
								"maximum": {
									"count": "1000"
								}
							},
							"@ondc/org/returnable": false,
							"@ondc/org/seller_pickup_return": false,
							"@ondc/org/return_window": "PT2H",
							"@ondc/org/cancellable": false,
							"@ondc/org/time_to_ship": "PT45M",
							"@ondc/org/available_on_cod": false,
							"@ondc/org/contact_details_consumer_care": "Najeeb, Maitrivan Colony Old Bowenpally Secbad, najeeb@eksecond.in, 9000912423",
							"tags": {
								"non_veg": "no",
								"veg": "yes"
							}
						},
						{
							"id": "640843cb6a4db5be49821312",
							"descriptor": {
								"name": "Mutton Masala",
								"symbol": "https://ondcresources.blob.core.windows.net/tenants/images/Spice%209/no-image.png",
								"short_desc": "Mutton Masala",
								"long_desc": "Mutton Masala",
								"images": [
									"https://ondcresources.blob.core.windows.net/tenants/images/Spice%209/no-image.png"
								]
							},
							"price": {
								"currency": "INR",
								"value": "320",
								"maximum_value": "320"
							},
							"category_id": "F&B",
							"fulfillment_id": "1",
							"location_id": "632839af4bea4df42dfe336b",
							"quantity": {
								"available": {
									"count": "1000"
								},
								"maximum": {
									"count": "1000"
								}
							},
							"@ondc/org/returnable": false,
							"@ondc/org/seller_pickup_return": false,
							"@ondc/org/return_window": "PT2H",
							"@ondc/org/cancellable": false,
							"@ondc/org/time_to_ship": "PT45M",
							"@ondc/org/available_on_cod": false,
							"@ondc/org/contact_details_consumer_care": "Najeeb, Maitrivan Colony Old Bowenpally Secbad, najeeb@eksecond.in, 9000912423",
							"tags": {
								"non_veg": "yes",
								"veg": "no"
							}
						},
						{
							"id": "640843cb6a4db5be49821313",
							"descriptor": {
								"name": "Punjabi Mutton",
								"symbol": "https://ondcresources.blob.core.windows.net/tenants/images/Spice%209/no-image.png",
								"short_desc": "Punjabi Mutton",
								"long_desc": "Punjabi Mutton",
								"images": [
									"https://ondcresources.blob.core.windows.net/tenants/images/Spice%209/no-image.png"
								]
							},
							"price": {
								"currency": "INR",
								"value": "320",
								"maximum_value": "320"
							},
							"category_id": "F&B",
							"fulfillment_id": "1",
							"location_id": "632839af4bea4df42dfe336b",
							"quantity": {
								"available": {
									"count": "1000"
								},
								"maximum": {
									"count": "1000"
								}
							},
							"@ondc/org/returnable": false,
							"@ondc/org/seller_pickup_return": false,
							"@ondc/org/return_window": "PT2H",
							"@ondc/org/cancellable": false,
							"@ondc/org/time_to_ship": "PT45M",
							"@ondc/org/available_on_cod": false,
							"@ondc/org/contact_details_consumer_care": "Najeeb, Maitrivan Colony Old Bowenpally Secbad, najeeb@eksecond.in, 9000912423",
							"tags": {
								"non_veg": "yes",
								"veg": "no"
							}
						},
						{
							"id": "640843cb6a4db5be49821314",
							"descriptor": {
								"name": "Kadai Mutton",
								"symbol": "https://ondcresources.blob.core.windows.net/tenants/images/Spice%209/no-image.png",
								"short_desc": "Kadai Mutton",
								"long_desc": "Kadai Mutton",
								"images": [
									"https://ondcresources.blob.core.windows.net/tenants/images/Spice%209/no-image.png"
								]
							},
							"price": {
								"currency": "INR",
								"value": "320",
								"maximum_value": "320"
							},
							"category_id": "F&B",
							"fulfillment_id": "1",
							"location_id": "632839af4bea4df42dfe336b",
							"quantity": {
								"available": {
									"count": "1000"
								},
								"maximum": {
									"count": "1000"
								}
							},
							"@ondc/org/returnable": false,
							"@ondc/org/seller_pickup_return": false,
							"@ondc/org/return_window": "PT2H",
							"@ondc/org/cancellable": false,
							"@ondc/org/time_to_ship": "PT45M",
							"@ondc/org/available_on_cod": false,
							"@ondc/org/contact_details_consumer_care": "Najeeb, Maitrivan Colony Old Bowenpally Secbad, najeeb@eksecond.in, 9000912423",
							"tags": {
								"non_veg": "yes",
								"veg": "no"
							}
						},
						{
							"id": "640843cb6a4db5be49821315",
							"descriptor": {
								"name": "Mutton Pasinda",
								"symbol": "https://ondcresources.blob.core.windows.net/tenants/images/Spice%209/no-image.png",
								"short_desc": "Mutton Pasinda",
								"long_desc": "Mutton Pasinda",
								"images": [
									"https://ondcresources.blob.core.windows.net/tenants/images/Spice%209/no-image.png"
								]
							},
							"price": {
								"currency": "INR",
								"value": "320",
								"maximum_value": "320"
							},
							"category_id": "F&B",
							"fulfillment_id": "1",
							"location_id": "632839af4bea4df42dfe336b",
							"quantity": {
								"available": {
									"count": "1000"
								},
								"maximum": {
									"count": "1000"
								}
							},
							"@ondc/org/returnable": false,
							"@ondc/org/seller_pickup_return": false,
							"@ondc/org/return_window": "PT2H",
							"@ondc/org/cancellable": false,
							"@ondc/org/time_to_ship": "PT45M",
							"@ondc/org/available_on_cod": false,
							"@ondc/org/contact_details_consumer_care": "Najeeb, Maitrivan Colony Old Bowenpally Secbad, najeeb@eksecond.in, 9000912423",
							"tags": {
								"non_veg": "yes",
								"veg": "no"
							}
						},
						{
							"id": "640843cb6a4db5be49821316",
							"descriptor": {
								"name": "Mutton Kashmiri",
								"symbol": "https://ondcresources.blob.core.windows.net/tenants/images/Spice%209/no-image.png",
								"short_desc": "Mutton Kashmiri",
								"long_desc": "Mutton Kashmiri",
								"images": [
									"https://ondcresources.blob.core.windows.net/tenants/images/Spice%209/no-image.png"
								]
							},
							"price": {
								"currency": "INR",
								"value": "320",
								"maximum_value": "320"
							},
							"category_id": "F&B",
							"fulfillment_id": "1",
							"location_id": "632839af4bea4df42dfe336b",
							"quantity": {
								"available": {
									"count": "1000"
								},
								"maximum": {
									"count": "1000"
								}
							},
							"@ondc/org/returnable": false,
							"@ondc/org/seller_pickup_return": false,
							"@ondc/org/return_window": "PT2H",
							"@ondc/org/cancellable": false,
							"@ondc/org/time_to_ship": "PT45M",
							"@ondc/org/available_on_cod": false,
							"@ondc/org/contact_details_consumer_care": "Najeeb, Maitrivan Colony Old Bowenpally Secbad, najeeb@eksecond.in, 9000912423",
							"tags": {
								"non_veg": "yes",
								"veg": "no"
							}
						},
						{
							"id": "640843cb6a4db5be49821317",
							"descriptor": {
								"name": "Crispy Mutton",
								"symbol": "https://ondcresources.blob.core.windows.net/tenants/images/Spice%209/no-image.png",
								"short_desc": "Crispy Mutton",
								"long_desc": "Crispy Mutton",
								"images": [
									"https://ondcresources.blob.core.windows.net/tenants/images/Spice%209/no-image.png"
								]
							},
							"price": {
								"currency": "INR",
								"value": "320",
								"maximum_value": "320"
							},
							"category_id": "F&B",
							"fulfillment_id": "1",
							"location_id": "632839af4bea4df42dfe336b",
							"quantity": {
								"available": {
									"count": "1000"
								},
								"maximum": {
									"count": "1000"
								}
							},
							"@ondc/org/returnable": false,
							"@ondc/org/seller_pickup_return": false,
							"@ondc/org/return_window": "PT2H",
							"@ondc/org/cancellable": false,
							"@ondc/org/time_to_ship": "PT45M",
							"@ondc/org/available_on_cod": false,
							"@ondc/org/contact_details_consumer_care": "Najeeb, Maitrivan Colony Old Bowenpally Secbad, najeeb@eksecond.in, 9000912423",
							"tags": {
								"non_veg": "yes",
								"veg": "no"
							}
						},
						{
							"id": "640843cb6a4db5be4982131b",
							"descriptor": {
								"name": "Mutton Moghlai",
								"symbol": "https://ondcresources.blob.core.windows.net/tenants/images/Spice%209/no-image.png",
								"short_desc": "Mutton Moghlai",
								"long_desc": "Mutton Moghlai",
								"images": [
									"https://ondcresources.blob.core.windows.net/tenants/images/Spice%209/no-image.png"
								]
							},
							"price": {
								"currency": "INR",
								"value": "320",
								"maximum_value": "320"
							},
							"category_id": "F&B",
							"fulfillment_id": "1",
							"location_id": "632839af4bea4df42dfe336b",
							"quantity": {
								"available": {
									"count": "1000"
								},
								"maximum": {
									"count": "1000"
								}
							},
							"@ondc/org/returnable": false,
							"@ondc/org/seller_pickup_return": false,
							"@ondc/org/return_window": "PT2H",
							"@ondc/org/cancellable": false,
							"@ondc/org/time_to_ship": "PT45M",
							"@ondc/org/available_on_cod": false,
							"@ondc/org/contact_details_consumer_care": "Najeeb, Maitrivan Colony Old Bowenpally Secbad, najeeb@eksecond.in, 9000912423",
							"tags": {
								"non_veg": "yes",
								"veg": "no"
							}
						},
						{
							"id": "640843cb6a4db5be4982131c",
							"descriptor": {
								"name": "Mutton Roganjosh",
								"symbol": "https://ondcresources.blob.core.windows.net/tenants/images/Spice%209/no-image.png",
								"short_desc": "Mutton Roganjosh",
								"long_desc": "Mutton Roganjosh",
								"images": [
									"https://ondcresources.blob.core.windows.net/tenants/images/Spice%209/no-image.png"
								]
							},
							"price": {
								"currency": "INR",
								"value": "320",
								"maximum_value": "320"
							},
							"category_id": "F&B",
							"fulfillment_id": "1",
							"location_id": "632839af4bea4df42dfe336b",
							"quantity": {
								"available": {
									"count": "1000"
								},
								"maximum": {
									"count": "1000"
								}
							},
							"@ondc/org/returnable": false,
							"@ondc/org/seller_pickup_return": false,
							"@ondc/org/return_window": "PT2H",
							"@ondc/org/cancellable": false,
							"@ondc/org/time_to_ship": "PT45M",
							"@ondc/org/available_on_cod": false,
							"@ondc/org/contact_details_consumer_care": "Najeeb, Maitrivan Colony Old Bowenpally Secbad, najeeb@eksecond.in, 9000912423",
							"tags": {
								"non_veg": "yes",
								"veg": "no"
							}
						},
						{
							"id": "640843cb6a4db5be49821328",
							"descriptor": {
								"name": "Mutton Mini",
								"symbol": "https://ondcresources.blob.core.windows.net/tenants/images/Spice%209/no-image.png",
								"short_desc": "Mutton Mini",
								"long_desc": "Mutton Mini",
								"images": [
									"https://ondcresources.blob.core.windows.net/tenants/images/Spice%209/no-image.png"
								]
							},
							"price": {
								"currency": "INR",
								"value": "199",
								"maximum_value": "199"
							},
							"category_id": "F&B",
							"fulfillment_id": "1",
							"location_id": "632839af4bea4df42dfe336b",
							"quantity": {
								"available": {
									"count": "1000"
								},
								"maximum": {
									"count": "1000"
								}
							},
							"@ondc/org/returnable": false,
							"@ondc/org/seller_pickup_return": false,
							"@ondc/org/return_window": "PT2H",
							"@ondc/org/cancellable": false,
							"@ondc/org/time_to_ship": "PT45M",
							"@ondc/org/available_on_cod": false,
							"@ondc/org/contact_details_consumer_care": "Najeeb, Maitrivan Colony Old Bowenpally Secbad, najeeb@eksecond.in, 9000912423",
							"tags": {
								"non_veg": "yes",
								"veg": "no"
							}
						},
						{
							"id": "640843cb6a4db5be498213d6",
							"descriptor": {
								"name": "Mutton Masala",
								"symbol": "https://ondcresources.blob.core.windows.net/images/images/Spice%209/no-image.png",
								"short_desc": "Mutton Masala",
								"long_desc": "Mutton Masala",
								"images": [
									"https://ondcresources.blob.core.windows.net/images/images/Spice%209/no-image.png"
								]
							},
							"price": {
								"currency": "INR",
								"value": "320",
								"maximum_value": "320"
							},
							"category_id": "F&B",
							"fulfillment_id": "1",
							"location_id": "632839af4bea4df42dfe336b",
							"quantity": {
								"available": {
									"count": "1000"
								},
								"maximum": {
									"count": "1000"
								}
							},
							"@ondc/org/returnable": false,
							"@ondc/org/seller_pickup_return": false,
							"@ondc/org/return_window": "PT2H",
							"@ondc/org/cancellable": false,
							"@ondc/org/time_to_ship": "PT45M",
							"@ondc/org/available_on_cod": false,
							"@ondc/org/contact_details_consumer_care": "Najeeb, Maitrivan Colony Old Bowenpally Secbad, najeeb@eksecond.in, 9000912423",
							"tags": {
								"non_veg": "yes",
								"veg": "no"
							}
						},
						{
							"id": "640843cb6a4db5be498213d7",
							"descriptor": {
								"name": "Punjabi Mutton",
								"symbol": "https://ondcresources.blob.core.windows.net/images/images/Spice%209/no-image.png",
								"short_desc": "Punjabi Mutton",
								"long_desc": "Punjabi Mutton",
								"images": [
									"https://ondcresources.blob.core.windows.net/images/images/Spice%209/no-image.png"
								]
							},
							"price": {
								"currency": "INR",
								"value": "320",
								"maximum_value": "320"
							},
							"category_id": "F&B",
							"fulfillment_id": "1",
							"location_id": "632839af4bea4df42dfe336b",
							"quantity": {
								"available": {
									"count": "1000"
								},
								"maximum": {
									"count": "1000"
								}
							},
							"@ondc/org/returnable": false,
							"@ondc/org/seller_pickup_return": false,
							"@ondc/org/return_window": "PT2H",
							"@ondc/org/cancellable": false,
							"@ondc/org/time_to_ship": "PT45M",
							"@ondc/org/available_on_cod": false,
							"@ondc/org/contact_details_consumer_care": "Najeeb, Maitrivan Colony Old Bowenpally Secbad, najeeb@eksecond.in, 9000912423",
							"tags": {
								"non_veg": "yes",
								"veg": "no"
							}
						},
						{
							"id": "640843cb6a4db5be498213d8",
							"descriptor": {
								"name": "Kadai Mutton",
								"symbol": "https://ondcresources.blob.core.windows.net/images/images/Spice%209/no-image.png",
								"short_desc": "Kadai Mutton",
								"long_desc": "Kadai Mutton",
								"images": [
									"https://ondcresources.blob.core.windows.net/images/images/Spice%209/no-image.png"
								]
							},
							"price": {
								"currency": "INR",
								"value": "320",
								"maximum_value": "320"
							},
							"category_id": "F&B",
							"fulfillment_id": "1",
							"location_id": "632839af4bea4df42dfe336b",
							"quantity": {
								"available": {
									"count": "1000"
								},
								"maximum": {
									"count": "1000"
								}
							},
							"@ondc/org/returnable": false,
							"@ondc/org/seller_pickup_return": false,
							"@ondc/org/return_window": "PT2H",
							"@ondc/org/cancellable": false,
							"@ondc/org/time_to_ship": "PT45M",
							"@ondc/org/available_on_cod": false,
							"@ondc/org/contact_details_consumer_care": "Najeeb, Maitrivan Colony Old Bowenpally Secbad, najeeb@eksecond.in, 9000912423",
							"tags": {
								"non_veg": "yes",
								"veg": "no"
							}
						},
						{
							"id": "640843cb6a4db5be498213d9",
							"descriptor": {
								"name": "Mutton Pasinda",
								"symbol": "https://ondcresources.blob.core.windows.net/images/images/Spice%209/no-image.png",
								"short_desc": "Mutton Pasinda",
								"long_desc": "Mutton Pasinda",
								"images": [
									"https://ondcresources.blob.core.windows.net/images/images/Spice%209/no-image.png"
								]
							},
							"price": {
								"currency": "INR",
								"value": "320",
								"maximum_value": "320"
							},
							"category_id": "F&B",
							"fulfillment_id": "1",
							"location_id": "632839af4bea4df42dfe336b",
							"quantity": {
								"available": {
									"count": "1000"
								},
								"maximum": {
									"count": "1000"
								}
							},
							"@ondc/org/returnable": false,
							"@ondc/org/seller_pickup_return": false,
							"@ondc/org/return_window": "PT2H",
							"@ondc/org/cancellable": false,
							"@ondc/org/time_to_ship": "PT45M",
							"@ondc/org/available_on_cod": false,
							"@ondc/org/contact_details_consumer_care": "Najeeb, Maitrivan Colony Old Bowenpally Secbad, najeeb@eksecond.in, 9000912423",
							"tags": {
								"non_veg": "yes",
								"veg": "no"
							}
						},
						{
							"id": "640843cb6a4db5be498213da",
							"descriptor": {
								"name": "Mutton Kashmiri",
								"symbol": "https://ondcresources.blob.core.windows.net/images/images/Spice%209/no-image.png",
								"short_desc": "Mutton Kashmiri",
								"long_desc": "Mutton Kashmiri",
								"images": [
									"https://ondcresources.blob.core.windows.net/images/images/Spice%209/no-image.png"
								]
							},
							"price": {
								"currency": "INR",
								"value": "320",
								"maximum_value": "320"
							},
							"category_id": "F&B",
							"fulfillment_id": "1",
							"location_id": "632839af4bea4df42dfe336b",
							"quantity": {
								"available": {
									"count": "1000"
								},
								"maximum": {
									"count": "1000"
								}
							},
							"@ondc/org/returnable": false,
							"@ondc/org/seller_pickup_return": false,
							"@ondc/org/return_window": "PT2H",
							"@ondc/org/cancellable": false,
							"@ondc/org/time_to_ship": "PT45M",
							"@ondc/org/available_on_cod": false,
							"@ondc/org/contact_details_consumer_care": "Najeeb, Maitrivan Colony Old Bowenpally Secbad, najeeb@eksecond.in, 9000912423",
							"tags": {
								"non_veg": "yes",
								"veg": "no"
							}
						},
						{
							"id": "640843cb6a4db5be498213db",
							"descriptor": {
								"name": "Crispy Mutton",
								"symbol": "https://ondcresources.blob.core.windows.net/images/images/Spice%209/no-image.png",
								"short_desc": "Crispy Mutton",
								"long_desc": "Crispy Mutton",
								"images": [
									"https://ondcresources.blob.core.windows.net/images/images/Spice%209/no-image.png"
								]
							},
							"price": {
								"currency": "INR",
								"value": "320",
								"maximum_value": "320"
							},
							"category_id": "F&B",
							"fulfillment_id": "1",
							"location_id": "632839af4bea4df42dfe336b",
							"quantity": {
								"available": {
									"count": "1000"
								},
								"maximum": {
									"count": "1000"
								}
							},
							"@ondc/org/returnable": false,
							"@ondc/org/seller_pickup_return": false,
							"@ondc/org/return_window": "PT2H",
							"@ondc/org/cancellable": false,
							"@ondc/org/time_to_ship": "PT45M",
							"@ondc/org/available_on_cod": false,
							"@ondc/org/contact_details_consumer_care": "Najeeb, Maitrivan Colony Old Bowenpally Secbad, najeeb@eksecond.in, 9000912423",
							"tags": {
								"non_veg": "yes",
								"veg": "no"
							}
						},
						{
							"id": "640843cb6a4db5be498213df",
							"descriptor": {
								"name": "Mutton Moghlai",
								"symbol": "https://ondcresources.blob.core.windows.net/images/images/Spice%209/no-image.png",
								"short_desc": "Mutton Moghlai",
								"long_desc": "Mutton Moghlai",
								"images": [
									"https://ondcresources.blob.core.windows.net/images/images/Spice%209/no-image.png"
								]
							},
							"price": {
								"currency": "INR",
								"value": "320",
								"maximum_value": "320"
							},
							"category_id": "F&B",
							"fulfillment_id": "1",
							"location_id": "632839af4bea4df42dfe336b",
							"quantity": {
								"available": {
									"count": "1000"
								},
								"maximum": {
									"count": "1000"
								}
							},
							"@ondc/org/returnable": false,
							"@ondc/org/seller_pickup_return": false,
							"@ondc/org/return_window": "PT2H",
							"@ondc/org/cancellable": false,
							"@ondc/org/time_to_ship": "PT45M",
							"@ondc/org/available_on_cod": false,
							"@ondc/org/contact_details_consumer_care": "Najeeb, Maitrivan Colony Old Bowenpally Secbad, najeeb@eksecond.in, 9000912423",
							"tags": {
								"non_veg": "yes",
								"veg": "no"
							}
						},
						{
							"id": "640843cb6a4db5be498213e0",
							"descriptor": {
								"name": "Mutton Roganjosh",
								"symbol": "https://ondcresources.blob.core.windows.net/images/images/Spice%209/no-image.png",
								"short_desc": "Mutton Roganjosh",
								"long_desc": "Mutton Roganjosh",
								"images": [
									"https://ondcresources.blob.core.windows.net/images/images/Spice%209/no-image.png"
								]
							},
							"price": {
								"currency": "INR",
								"value": "320",
								"maximum_value": "320"
							},
							"category_id": "F&B",
							"fulfillment_id": "1",
							"location_id": "632839af4bea4df42dfe336b",
							"quantity": {
								"available": {
									"count": "1000"
								},
								"maximum": {
									"count": "1000"
								}
							},
							"@ondc/org/returnable": false,
							"@ondc/org/seller_pickup_return": false,
							"@ondc/org/return_window": "PT2H",
							"@ondc/org/cancellable": false,
							"@ondc/org/time_to_ship": "PT45M",
							"@ondc/org/available_on_cod": false,
							"@ondc/org/contact_details_consumer_care": "Najeeb, Maitrivan Colony Old Bowenpally Secbad, najeeb@eksecond.in, 9000912423",
							"tags": {
								"non_veg": "yes",
								"veg": "no"
							}
						},
						{
							"id": "640843cb6a4db5be498212c4",
							"descriptor": {
								"name": "Mutton Roast Dry",
								"symbol": "https://ondcresources.blob.core.windows.net/tenants/images/Spice%209/no-image.png",
								"short_desc": "Mutton Roast Dry",
								"long_desc": "Mutton Roast Dry",
								"images": [
									"https://ondcresources.blob.core.windows.net/tenants/images/Spice%209/no-image.png"
								]
							},
							"price": {
								"currency": "INR",
								"value": "320",
								"maximum_value": "320"
							},
							"category_id": "F&B",
							"fulfillment_id": "1",
							"location_id": "632839af4bea4df42dfe336b",
							"quantity": {
								"available": {
									"count": "1000"
								},
								"maximum": {
									"count": "1000"
								}
							},
							"@ondc/org/returnable": false,
							"@ondc/org/seller_pickup_return": false,
							"@ondc/org/return_window": "PT2H",
							"@ondc/org/cancellable": false,
							"@ondc/org/time_to_ship": "PT45M",
							"@ondc/org/available_on_cod": false,
							"@ondc/org/contact_details_consumer_care": "Najeeb, Maitrivan Colony Old Bowenpally Secbad, najeeb@eksecond.in, 9000912423",
							"tags": {
								"non_veg": "yes",
								"veg": "no"
							}
						},
						{
							"id": "640843cb6a4db5be498212c5",
							"descriptor": {
								"name": "Mutton 65 Dry",
								"symbol": "https://ondcresources.blob.core.windows.net/tenants/images/Spice%209/no-image.png",
								"short_desc": "Mutton 65 Dry",
								"long_desc": "Mutton 65 Dry",
								"images": [
									"https://ondcresources.blob.core.windows.net/tenants/images/Spice%209/no-image.png"
								]
							},
							"price": {
								"currency": "INR",
								"value": "320",
								"maximum_value": "320"
							},
							"category_id": "F&B",
							"fulfillment_id": "1",
							"location_id": "632839af4bea4df42dfe336b",
							"quantity": {
								"available": {
									"count": "1000"
								},
								"maximum": {
									"count": "1000"
								}
							},
							"@ondc/org/returnable": false,
							"@ondc/org/seller_pickup_return": false,
							"@ondc/org/return_window": "PT2H",
							"@ondc/org/cancellable": false,
							"@ondc/org/time_to_ship": "PT45M",
							"@ondc/org/available_on_cod": false,
							"@ondc/org/contact_details_consumer_care": "Najeeb, Maitrivan Colony Old Bowenpally Secbad, najeeb@eksecond.in, 9000912423",
							"tags": {
								"non_veg": "yes",
								"veg": "no"
							}
						},
						{
							"id": "640843cb6a4db5be498212c6",
							"descriptor": {
								"name": "Chilli Mutton Dry",
								"symbol": "https://ondcresources.blob.core.windows.net/tenants/images/Spice%209/no-image.png",
								"short_desc": "Chilli Mutton Dry",
								"long_desc": "Chilli Mutton Dry",
								"images": [
									"https://ondcresources.blob.core.windows.net/tenants/images/Spice%209/no-image.png"
								]
							},
							"price": {
								"currency": "INR",
								"value": "320",
								"maximum_value": "320"
							},
							"category_id": "F&B",
							"fulfillment_id": "1",
							"location_id": "632839af4bea4df42dfe336b",
							"quantity": {
								"available": {
									"count": "1000"
								},
								"maximum": {
									"count": "1000"
								}
							},
							"@ondc/org/returnable": false,
							"@ondc/org/seller_pickup_return": false,
							"@ondc/org/return_window": "PT2H",
							"@ondc/org/cancellable": false,
							"@ondc/org/time_to_ship": "PT45M",
							"@ondc/org/available_on_cod": false,
							"@ondc/org/contact_details_consumer_care": "Najeeb, Maitrivan Colony Old Bowenpally Secbad, najeeb@eksecond.in, 9000912423",
							"tags": {
								"non_veg": "yes",
								"veg": "no"
							}
						},
						{
							"id": "640843cb6a4db5be498212c7",
							"descriptor": {
								"name": "Special Chilli Mutton Dry",
								"symbol": "https://ondcresources.blob.core.windows.net/tenants/images/Spice%209/no-image.png",
								"short_desc": "Special Chilli Mutton Dry",
								"long_desc": "Special Chilli Mutton Dry",
								"images": [
									"https://ondcresources.blob.core.windows.net/tenants/images/Spice%209/no-image.png"
								]
							},
							"price": {
								"currency": "INR",
								"value": "380",
								"maximum_value": "380"
							},
							"category_id": "F&B",
							"fulfillment_id": "1",
							"location_id": "632839af4bea4df42dfe336b",
							"quantity": {
								"available": {
									"count": "1000"
								},
								"maximum": {
									"count": "1000"
								}
							},
							"@ondc/org/returnable": false,
							"@ondc/org/seller_pickup_return": false,
							"@ondc/org/return_window": "PT2H",
							"@ondc/org/cancellable": false,
							"@ondc/org/time_to_ship": "PT45M",
							"@ondc/org/available_on_cod": false,
							"@ondc/org/contact_details_consumer_care": "Najeeb, Maitrivan Colony Old Bowenpally Secbad, najeeb@eksecond.in, 9000912423",
							"tags": {
								"non_veg": "yes",
								"veg": "no"
							}
						},
						{
							"id": "640843cb6a4db5be49821318",
							"descriptor": {
								"name": "Kaju Mutton Masala",
								"symbol": "https://ondcresources.blob.core.windows.net/tenants/images/Spice%209/no-image.png",
								"short_desc": "Kaju Mutton Masala",
								"long_desc": "Kaju Mutton Masala",
								"images": [
									"https://ondcresources.blob.core.windows.net/tenants/images/Spice%209/no-image.png"
								]
							},
							"price": {
								"currency": "INR",
								"value": "320",
								"maximum_value": "320"
							},
							"category_id": "F&B",
							"fulfillment_id": "1",
							"location_id": "632839af4bea4df42dfe336b",
							"quantity": {
								"available": {
									"count": "1000"
								},
								"maximum": {
									"count": "1000"
								}
							},
							"@ondc/org/returnable": false,
							"@ondc/org/seller_pickup_return": false,
							"@ondc/org/return_window": "PT2H",
							"@ondc/org/cancellable": false,
							"@ondc/org/time_to_ship": "PT45M",
							"@ondc/org/available_on_cod": false,
							"@ondc/org/contact_details_consumer_care": "Najeeb, Maitrivan Colony Old Bowenpally Secbad, najeeb@eksecond.in, 9000912423",
							"tags": {
								"non_veg": "yes",
								"veg": "no"
							}
						},
						{
							"id": "640843cb6a4db5be49821319",
							"descriptor": {
								"name": "Dum Ka Mutton",
								"symbol": "https://ondcresources.blob.core.windows.net/tenants/images/Spice%209/no-image.png",
								"short_desc": "Dum Ka Mutton",
								"long_desc": "Dum Ka Mutton",
								"images": [
									"https://ondcresources.blob.core.windows.net/tenants/images/Spice%209/no-image.png"
								]
							},
							"price": {
								"currency": "INR",
								"value": "320",
								"maximum_value": "320"
							},
							"category_id": "F&B",
							"fulfillment_id": "1",
							"location_id": "632839af4bea4df42dfe336b",
							"quantity": {
								"available": {
									"count": "1000"
								},
								"maximum": {
									"count": "1000"
								}
							},
							"@ondc/org/returnable": false,
							"@ondc/org/seller_pickup_return": false,
							"@ondc/org/return_window": "PT2H",
							"@ondc/org/cancellable": false,
							"@ondc/org/time_to_ship": "PT45M",
							"@ondc/org/available_on_cod": false,
							"@ondc/org/contact_details_consumer_care": "Najeeb, Maitrivan Colony Old Bowenpally Secbad, najeeb@eksecond.in, 9000912423",
							"tags": {
								"non_veg": "yes",
								"veg": "no"
							}
						},
						{
							"id": "640843cb6a4db5be4982131a",
							"descriptor": {
								"name": "Mutton Do Pyaza",
								"symbol": "https://ondcresources.blob.core.windows.net/tenants/images/Spice%209/no-image.png",
								"short_desc": "Mutton Do Pyaza",
								"long_desc": "Mutton Do Pyaza",
								"images": [
									"https://ondcresources.blob.core.windows.net/tenants/images/Spice%209/no-image.png"
								]
							},
							"price": {
								"currency": "INR",
								"value": "320",
								"maximum_value": "320"
							},
							"category_id": "F&B",
							"fulfillment_id": "1",
							"location_id": "632839af4bea4df42dfe336b",
							"quantity": {
								"available": {
									"count": "1000"
								},
								"maximum": {
									"count": "1000"
								}
							},
							"@ondc/org/returnable": false,
							"@ondc/org/seller_pickup_return": false,
							"@ondc/org/return_window": "PT2H",
							"@ondc/org/cancellable": false,
							"@ondc/org/time_to_ship": "PT45M",
							"@ondc/org/available_on_cod": false,
							"@ondc/org/contact_details_consumer_care": "Najeeb, Maitrivan Colony Old Bowenpally Secbad, najeeb@eksecond.in, 9000912423",
							"tags": {
								"non_veg": "yes",
								"veg": "no"
							}
						},
						{
							"id": "640843cb6a4db5be4982131d",
							"descriptor": {
								"name": "Special Boneless Mutton 65",
								"symbol": "https://ondcresources.blob.core.windows.net/tenants/images/Spice%209/no-image.png",
								"short_desc": "Special Boneless Mutton 65",
								"long_desc": "Special Boneless Mutton 65",
								"images": [
									"https://ondcresources.blob.core.windows.net/tenants/images/Spice%209/no-image.png"
								]
							},
							"price": {
								"currency": "INR",
								"value": "380",
								"maximum_value": "380"
							},
							"category_id": "F&B",
							"fulfillment_id": "1",
							"location_id": "632839af4bea4df42dfe336b",
							"quantity": {
								"available": {
									"count": "1000"
								},
								"maximum": {
									"count": "1000"
								}
							},
							"@ondc/org/returnable": false,
							"@ondc/org/seller_pickup_return": false,
							"@ondc/org/return_window": "PT2H",
							"@ondc/org/cancellable": false,
							"@ondc/org/time_to_ship": "PT45M",
							"@ondc/org/available_on_cod": false,
							"@ondc/org/contact_details_consumer_care": "Najeeb, Maitrivan Colony Old Bowenpally Secbad, najeeb@eksecond.in, 9000912423",
							"tags": {
								"non_veg": "yes",
								"veg": "no"
							}
						},
						{
							"id": "640843cb6a4db5be4982132a",
							"descriptor": {
								"name": "Mutton Family Pack",
								"symbol": "https://ondcresources.blob.core.windows.net/tenants/images/Spice%209/no-image.png",
								"short_desc": "Mutton Family Pack",
								"long_desc": "Mutton Family Pack",
								"images": [
									"https://ondcresources.blob.core.windows.net/tenants/images/Spice%209/no-image.png"
								]
							},
							"price": {
								"currency": "INR",
								"value": "640",
								"maximum_value": "640"
							},
							"category_id": "F&B",
							"fulfillment_id": "1",
							"location_id": "632839af4bea4df42dfe336b",
							"quantity": {
								"available": {
									"count": "1000"
								},
								"maximum": {
									"count": "1000"
								}
							},
							"@ondc/org/returnable": false,
							"@ondc/org/seller_pickup_return": false,
							"@ondc/org/return_window": "PT2H",
							"@ondc/org/cancellable": false,
							"@ondc/org/time_to_ship": "PT45M",
							"@ondc/org/available_on_cod": false,
							"@ondc/org/contact_details_consumer_care": "Najeeb, Maitrivan Colony Old Bowenpally Secbad, najeeb@eksecond.in, 9000912423",
							"tags": {
								"non_veg": "yes",
								"veg": "no"
							}
						},
						{
							"id": "640843cb6a4db5be49821333",
							"descriptor": {
								"name": "Mutton Jumbo Pack",
								"symbol": "https://ondcresources.blob.core.windows.net/tenants/images/Spice%209/no-image.png",
								"short_desc": "Mutton Jumbo Pack",
								"long_desc": "Mutton Jumbo Pack",
								"images": [
									"https://ondcresources.blob.core.windows.net/tenants/images/Spice%209/no-image.png"
								]
							},
							"price": {
								"currency": "INR",
								"value": "840",
								"maximum_value": "840"
							},
							"category_id": "F&B",
							"fulfillment_id": "1",
							"location_id": "632839af4bea4df42dfe336b",
							"quantity": {
								"available": {
									"count": "1000"
								},
								"maximum": {
									"count": "1000"
								}
							},
							"@ondc/org/returnable": false,
							"@ondc/org/seller_pickup_return": false,
							"@ondc/org/return_window": "PT2H",
							"@ondc/org/cancellable": false,
							"@ondc/org/time_to_ship": "PT45M",
							"@ondc/org/available_on_cod": false,
							"@ondc/org/contact_details_consumer_care": "Najeeb, Maitrivan Colony Old Bowenpally Secbad, najeeb@eksecond.in, 9000912423",
							"tags": {
								"non_veg": "yes",
								"veg": "no"
							}
						},
						{
							"id": "640843cb6a4db5be49821336",
							"descriptor": {
								"name": "Special Mutton Handi",
								"symbol": "https://ondcresources.blob.core.windows.net/tenants/images/Spice%209/no-image.png",
								"short_desc": "Special Mutton Handi",
								"long_desc": "Special Mutton Handi",
								"images": [
									"https://ondcresources.blob.core.windows.net/tenants/images/Spice%209/no-image.png"
								]
							},
							"price": {
								"currency": "INR",
								"value": "410",
								"maximum_value": "410"
							},
							"category_id": "F&B",
							"fulfillment_id": "1",
							"location_id": "632839af4bea4df42dfe336b",
							"quantity": {
								"available": {
									"count": "1000"
								},
								"maximum": {
									"count": "1000"
								}
							},
							"@ondc/org/returnable": false,
							"@ondc/org/seller_pickup_return": false,
							"@ondc/org/return_window": "PT2H",
							"@ondc/org/cancellable": false,
							"@ondc/org/time_to_ship": "PT45M",
							"@ondc/org/available_on_cod": false,
							"@ondc/org/contact_details_consumer_care": "Najeeb, Maitrivan Colony Old Bowenpally Secbad, najeeb@eksecond.in, 9000912423",
							"tags": {
								"non_veg": "yes",
								"veg": "no"
							}
						},
						{
							"id": "640843cb6a4db5be4982135b",
							"descriptor": {
								"name": "Mutton Haleem Plate",
								"symbol": "https://ondcresources.blob.core.windows.net/tenants/images/Spice%209/no-image.png",
								"short_desc": "Mutton Haleem Plate",
								"long_desc": "Mutton Haleem Plate",
								"images": [
									"https://ondcresources.blob.core.windows.net/tenants/images/Spice%209/no-image.png"
								]
							},
							"price": {
								"currency": "INR",
								"value": "300",
								"maximum_value": "300"
							},
							"category_id": "F&B",
							"fulfillment_id": "1",
							"location_id": "632839af4bea4df42dfe336b",
							"quantity": {
								"available": {
									"count": "1000"
								},
								"maximum": {
									"count": "1000"
								}
							},
							"@ondc/org/returnable": false,
							"@ondc/org/seller_pickup_return": false,
							"@ondc/org/return_window": "PT2H",
							"@ondc/org/cancellable": false,
							"@ondc/org/time_to_ship": "PT45M",
							"@ondc/org/available_on_cod": false,
							"@ondc/org/contact_details_consumer_care": "Najeeb, Maitrivan Colony Old Bowenpally Secbad, najeeb@eksecond.in, 9000912423",
							"tags": {
								"non_veg": "yes",
								"veg": "no"
							}
						},
						{
							"id": "640843cb6a4db5be49821388",
							"descriptor": {
								"name": "Mutton Roast Dry",
								"symbol": "https://ondcresources.blob.core.windows.net/images/images/Spice%209/no-image.png",
								"short_desc": "Mutton Roast Dry",
								"long_desc": "Mutton Roast Dry",
								"images": [
									"https://ondcresources.blob.core.windows.net/images/images/Spice%209/no-image.png"
								]
							},
							"price": {
								"currency": "INR",
								"value": "320",
								"maximum_value": "320"
							},
							"category_id": "F&B",
							"fulfillment_id": "1",
							"location_id": "632839af4bea4df42dfe336b",
							"quantity": {
								"available": {
									"count": "1000"
								},
								"maximum": {
									"count": "1000"
								}
							},
							"@ondc/org/returnable": false,
							"@ondc/org/seller_pickup_return": false,
							"@ondc/org/return_window": "PT2H",
							"@ondc/org/cancellable": false,
							"@ondc/org/time_to_ship": "PT45M",
							"@ondc/org/available_on_cod": false,
							"@ondc/org/contact_details_consumer_care": "Najeeb, Maitrivan Colony Old Bowenpally Secbad, najeeb@eksecond.in, 9000912423",
							"tags": {
								"non_veg": "yes",
								"veg": "no"
							}
						},
						{
							"id": "640843cb6a4db5be49821389",
							"descriptor": {
								"name": "Mutton 65 Dry",
								"symbol": "https://ondcresources.blob.core.windows.net/images/images/Spice%209/no-image.png",
								"short_desc": "Mutton 65 Dry",
								"long_desc": "Mutton 65 Dry",
								"images": [
									"https://ondcresources.blob.core.windows.net/images/images/Spice%209/no-image.png"
								]
							},
							"price": {
								"currency": "INR",
								"value": "320",
								"maximum_value": "320"
							},
							"category_id": "F&B",
							"fulfillment_id": "1",
							"location_id": "632839af4bea4df42dfe336b",
							"quantity": {
								"available": {
									"count": "1000"
								},
								"maximum": {
									"count": "1000"
								}
							},
							"@ondc/org/returnable": false,
							"@ondc/org/seller_pickup_return": false,
							"@ondc/org/return_window": "PT2H",
							"@ondc/org/cancellable": false,
							"@ondc/org/time_to_ship": "PT45M",
							"@ondc/org/available_on_cod": false,
							"@ondc/org/contact_details_consumer_care": "Najeeb, Maitrivan Colony Old Bowenpally Secbad, najeeb@eksecond.in, 9000912423",
							"tags": {
								"non_veg": "yes",
								"veg": "no"
							}
						},
						{
							"id": "640843cb6a4db5be4982138a",
							"descriptor": {
								"name": "Chilli Mutton Dry",
								"symbol": "https://ondcresources.blob.core.windows.net/images/images/Spice%209/no-image.png",
								"short_desc": "Chilli Mutton Dry",
								"long_desc": "Chilli Mutton Dry",
								"images": [
									"https://ondcresources.blob.core.windows.net/images/images/Spice%209/no-image.png"
								]
							},
							"price": {
								"currency": "INR",
								"value": "320",
								"maximum_value": "320"
							},
							"category_id": "F&B",
							"fulfillment_id": "1",
							"location_id": "632839af4bea4df42dfe336b",
							"quantity": {
								"available": {
									"count": "1000"
								},
								"maximum": {
									"count": "1000"
								}
							},
							"@ondc/org/returnable": false,
							"@ondc/org/seller_pickup_return": false,
							"@ondc/org/return_window": "PT2H",
							"@ondc/org/cancellable": false,
							"@ondc/org/time_to_ship": "PT45M",
							"@ondc/org/available_on_cod": false,
							"@ondc/org/contact_details_consumer_care": "Najeeb, Maitrivan Colony Old Bowenpally Secbad, najeeb@eksecond.in, 9000912423",
							"tags": {
								"non_veg": "yes",
								"veg": "no"
							}
						},
						{
							"id": "640843cb6a4db5be4982138b",
							"descriptor": {
								"name": "Special Chilli Mutton Dry",
								"symbol": "https://ondcresources.blob.core.windows.net/images/images/Spice%209/no-image.png",
								"short_desc": "Special Chilli Mutton Dry",
								"long_desc": "Special Chilli Mutton Dry",
								"images": [
									"https://ondcresources.blob.core.windows.net/images/images/Spice%209/no-image.png"
								]
							},
							"price": {
								"currency": "INR",
								"value": "380",
								"maximum_value": "380"
							},
							"category_id": "F&B",
							"fulfillment_id": "1",
							"location_id": "632839af4bea4df42dfe336b",
							"quantity": {
								"available": {
									"count": "1000"
								},
								"maximum": {
									"count": "1000"
								}
							},
							"@ondc/org/returnable": false,
							"@ondc/org/seller_pickup_return": false,
							"@ondc/org/return_window": "PT2H",
							"@ondc/org/cancellable": false,
							"@ondc/org/time_to_ship": "PT45M",
							"@ondc/org/available_on_cod": false,
							"@ondc/org/contact_details_consumer_care": "Najeeb, Maitrivan Colony Old Bowenpally Secbad, najeeb@eksecond.in, 9000912423",
							"tags": {
								"non_veg": "yes",
								"veg": "no"
							}
						},
						{
							"id": "640843cb6a4db5be498213dc",
							"descriptor": {
								"name": "Kaju Mutton Masala",
								"symbol": "https://ondcresources.blob.core.windows.net/images/images/Spice%209/no-image.png",
								"short_desc": "Kaju Mutton Masala",
								"long_desc": "Kaju Mutton Masala",
								"images": [
									"https://ondcresources.blob.core.windows.net/images/images/Spice%209/no-image.png"
								]
							},
							"price": {
								"currency": "INR",
								"value": "320",
								"maximum_value": "320"
							},
							"category_id": "F&B",
							"fulfillment_id": "1",
							"location_id": "632839af4bea4df42dfe336b",
							"quantity": {
								"available": {
									"count": "1000"
								},
								"maximum": {
									"count": "1000"
								}
							},
							"@ondc/org/returnable": false,
							"@ondc/org/seller_pickup_return": false,
							"@ondc/org/return_window": "PT2H",
							"@ondc/org/cancellable": false,
							"@ondc/org/time_to_ship": "PT45M",
							"@ondc/org/available_on_cod": false,
							"@ondc/org/contact_details_consumer_care": "Najeeb, Maitrivan Colony Old Bowenpally Secbad, najeeb@eksecond.in, 9000912423",
							"tags": {
								"non_veg": "yes",
								"veg": "no"
							}
						},
						{
							"id": "640843cb6a4db5be498213dd",
							"descriptor": {
								"name": "Dum Ka Mutton",
								"symbol": "https://ondcresources.blob.core.windows.net/images/images/Spice%209/no-image.png",
								"short_desc": "Dum Ka Mutton",
								"long_desc": "Dum Ka Mutton",
								"images": [
									"https://ondcresources.blob.core.windows.net/images/images/Spice%209/no-image.png"
								]
							},
							"price": {
								"currency": "INR",
								"value": "320",
								"maximum_value": "320"
							},
							"category_id": "F&B",
							"fulfillment_id": "1",
							"location_id": "632839af4bea4df42dfe336b",
							"quantity": {
								"available": {
									"count": "1000"
								},
								"maximum": {
									"count": "1000"
								}
							},
							"@ondc/org/returnable": false,
							"@ondc/org/seller_pickup_return": false,
							"@ondc/org/return_window": "PT2H",
							"@ondc/org/cancellable": false,
							"@ondc/org/time_to_ship": "PT45M",
							"@ondc/org/available_on_cod": false,
							"@ondc/org/contact_details_consumer_care": "Najeeb, Maitrivan Colony Old Bowenpally Secbad, najeeb@eksecond.in, 9000912423",
							"tags": {
								"non_veg": "yes",
								"veg": "no"
							}
						},
						{
							"id": "640843cb6a4db5be498213de",
							"descriptor": {
								"name": "Mutton Do Pyaza",
								"symbol": "https://ondcresources.blob.core.windows.net/images/images/Spice%209/no-image.png",
								"short_desc": "Mutton Do Pyaza",
								"long_desc": "Mutton Do Pyaza",
								"images": [
									"https://ondcresources.blob.core.windows.net/images/images/Spice%209/no-image.png"
								]
							},
							"price": {
								"currency": "INR",
								"value": "320",
								"maximum_value": "320"
							},
							"category_id": "F&B",
							"fulfillment_id": "1",
							"location_id": "632839af4bea4df42dfe336b",
							"quantity": {
								"available": {
									"count": "1000"
								},
								"maximum": {
									"count": "1000"
								}
							},
							"@ondc/org/returnable": false,
							"@ondc/org/seller_pickup_return": false,
							"@ondc/org/return_window": "PT2H",
							"@ondc/org/cancellable": false,
							"@ondc/org/time_to_ship": "PT45M",
							"@ondc/org/available_on_cod": false,
							"@ondc/org/contact_details_consumer_care": "Najeeb, Maitrivan Colony Old Bowenpally Secbad, najeeb@eksecond.in, 9000912423",
							"tags": {
								"non_veg": "yes",
								"veg": "no"
							}
						},
						{
							"id": "640843cb6a4db5be498213e1",
							"descriptor": {
								"name": "Special Boneless Mutton 65",
								"symbol": "https://ondcresources.blob.core.windows.net/images/images/Spice%209/no-image.png",
								"short_desc": "Special Boneless Mutton 65",
								"long_desc": "Special Boneless Mutton 65",
								"images": [
									"https://ondcresources.blob.core.windows.net/images/images/Spice%209/no-image.png"
								]
							},
							"price": {
								"currency": "INR",
								"value": "380",
								"maximum_value": "380"
							},
							"category_id": "F&B",
							"fulfillment_id": "1",
							"location_id": "632839af4bea4df42dfe336b",
							"quantity": {
								"available": {
									"count": "1000"
								},
								"maximum": {
									"count": "1000"
								}
							},
							"@ondc/org/returnable": false,
							"@ondc/org/seller_pickup_return": false,
							"@ondc/org/return_window": "PT2H",
							"@ondc/org/cancellable": false,
							"@ondc/org/time_to_ship": "PT45M",
							"@ondc/org/available_on_cod": false,
							"@ondc/org/contact_details_consumer_care": "Najeeb, Maitrivan Colony Old Bowenpally Secbad, najeeb@eksecond.in, 9000912423",
							"tags": {
								"non_veg": "yes",
								"veg": "no"
							}
						}
					],
					"ttl": "P1D",
					"fulfillments": [
						{
							"contact": {
								"phone": "9000912423",
								"email": "mohd@gmail.com"
							}
						}
					],
					"tags": [
						{
							"code": "serviceability",
							"list": [
								{
									"code": "location",
									"value": "632839af4bea4df42dfe336b"
								},
								{
									"code": "category",
									"value": "Regional Indian"
								},
								{
									"code": "type",
									"value": "10"
								},
								{
									"code": "val",
									"value": "25"
								},
								{
									"code": "unit",
									"value": "km"
								}
							]
						}
					]
				}
			],
			"bpp/fulfillments": [
				{
					"id": "1",
					"type": "Delivery"
				},
				{
					"id": "2",
					"type": "Self-Pickup"
				}
			]
		}
	}
}