{
	"context": {
		"domain": "nic2004:52110",
		"country": "IND",
		"city": "std:080",
		"action": "init",
		"core_version": "1.1.0",
		"bap_id": "buyer-app-preprod.ondc.org",
		"bap_uri": "https://buyer-app-preprod.ondc.org/protocol/v1",
		"bpp_uri": "https://api3.eksecond.in/ondc",
		"transaction_id": "a136201b-0659-4497-8834-09f3cd4a79f9",
		"message_id": "2c51dd42-697d-4759-b657-eab9c3543c40",
		"timestamp": "2023-03-08T13:52:59.824Z",
		"bpp_id": "api3.eksecond.in",
		"ttl": "PT30S"
	},
	"message": {
		"order": {
			"provider": {
				"id": "632839af4bea4df42dfe336b",
				"locations": [
					{
						"id": "632839af4bea4df42dfe336b"
					}
				]
			},
			"items": [
				{
					"id": "63db97929cc68fbae328fa65",
					"quantity": {
						"count": 1
					},
					"fulfillment_id": "3ed9cd21-ec6f-4702-9b21-c08d46ddc346"
				},
				{
					"id": "6406d8476a4db5be4982126b",
					"quantity": {
						"count": 1
					},
					"fulfillment_id": "3ed9cd21-ec6f-4702-9b21-c08d46ddc346"
				}
			],
			"billing": {
				"address": {
					"building": "nai hai",
					"city": "Hyderabad",
					"state": "Telangana",
					"country": "IND",
					"area_code": "500036",
					"locality": "16-2/741/2/9, NH 65, Asmangarh, Andhra Colony, New Malakpet",
					"name": "Najeeb Hyd"
				},
				"phone": "9000912423",
				"name": "Najeeb Hyd",
				"email": "masterblaster775@gmail.com",
				"created_at": "2023-03-08T13:52:59.824Z",
				"updated_at": "2023-03-08T13:52:59.824Z"
			},
			"fulfillments": [
				{
					"id": "3ed9cd21-ec6f-4702-9b21-c08d46ddc346",
					"type": "Delivery",
					"tracking": false,
					"end": {
						"contact": {
							"email": "masterblaster775@gmail.com",
							"phone": "9000912423"
						},
						"location": {
							"gps": "17.370659, 78.511283",
							"address": {
								"building": "nai hai",
								"city": "Hyderabad",
								"state": "Telangana",
								"country": "IND",
								"area_code": "500036",
								"locality": "16-2/741/2/9, NH 65, Asmangarh, Andhra Colony, New Malakpet",
								"name": "Najeeb Hyd"
							}
						}
					}
				}
			]
		}
	}
}