{
	"context": {
		"domain": "nic2004:52110",
		"country": "IND",
		"city": "std:080",
		"action": "on_init",
		"core_version": "1.1.0",
		"bap_id": "buyer-app-preprod.ondc.org",
		"bap_uri": "https://buyer-app-preprod.ondc.org/protocol/v1",
		"bpp_id": "api3.eksecond.in",
		"bpp_uri": "https://api3.eksecond.in/ondc",
		"transaction_id": "a136201b-0659-4497-8834-09f3cd4a79f9",
		"message_id": "9c3fa7e5-7252-4d2a-be86-ec08f9ef73e4",
		"timestamp": "2023-03-08T13:53:00.467Z"
	},
	"message": {
		"order": {
			"items": [
				{
					"id": "63db97929cc68fbae328fa65",
					"fulfillment_id": "3ed9cd21-ec6f-4702-9b21-c08d46ddc346",
					"quantity": {
						"count": 1
					}
				},
				{
					"id": "6406d8476a4db5be4982126b",
					"fulfillment_id": "3ed9cd21-ec6f-4702-9b21-c08d46ddc346",
					"quantity": {
						"count": 1
					}
				}
			],
			"provider": {
				"id": "632839af4bea4df42dfe336b",
				"descriptor": {
					"name": "Rumaan",
					"symbol": "https://ondcresources.blob.core.windows.net/images/spice9.png",
					"short_desc": "Rumaan - An authentic biryani restaurant",
					"long_desc": "Rumaan - An authentic biryani restaurant",
					"images": [
						"https://ondcresources.blob.core.windows.net/images/spice9.png"
					]
				},
				"locations": [
					{
						"id": "632839af4bea4df42dfe336b"
					}
				]
			},
			"provider_location": {
				"id": "632839af4bea4df42dfe336b"
			},
			"fulfillments": [
				{
					"id": "3ed9cd21-ec6f-4702-9b21-c08d46ddc346",
					"type": "Delivery",
					"@ondc/org/category": "Immediate Delivery",
					"@ondc/org/TAT": "PT1H45M",
					"provider_id": "loadshare@ondc-preprod.loadshare.net",
					"@ondc/org/provider_name": "LoadShare Networks",
					"state": {
						"descriptor": {
							"code": "Serviceable"
						}
					},
					"tracking": false,
					"end": {
						"location": {
							"gps": "12.913371523733359,77.68308302883554",
							"address": {
								"name": "Rumaan",
								"building": "1",
								"locality": "Doddakannelli",
								"city": "Bengaluru",
								"state": "Karnataka",
								"country": "IND",
								"area_code": "560035"
							}
						}
					}
				}
			],
			"quote": {
				"price": {
					"currency": "INR",
					"value": "811.58"
				},
				"breakup": [
					{
						"title": "Imperial Special Mutton Biryani",
						"@ondc/org/item_id": "63db97929cc68fbae328fa65",
						"@ondc/org/title_type": "item",
						"price": {
							"currency": "INR",
							"value": "439.00"
						},
						"@ondc/org/item_quantity": {
							"count": 1
						},
						"item": {
							"quantity": {
								"available": {
									"count": "100"
								},
								"maximum": {
									"count": "100"
								}
							},
							"price": {
								"currency": "INR",
								"value": "439"
							}
						}
					},
					{
						"title": "Imperial Special Chicken Biryani",
						"@ondc/org/item_id": "6406d8476a4db5be4982126b",
						"@ondc/org/title_type": "item",
						"price": {
							"currency": "INR",
							"value": "250.00"
						},
						"@ondc/org/item_quantity": {
							"count": 1
						},
						"item": {
							"quantity": {
								"available": {
									"count": "100"
								},
								"maximum": {
									"count": "100"
								}
							},
							"price": {
								"currency": "INR",
								"value": "250"
							}
						}
					},
					{
						"title": "Packing charges",
						"@ondc/org/item_id": "3ed9cd21-ec6f-4702-9b21-c08d46ddc346",
						"@ondc/org/title_type": "packing",
						"price": {
							"currency": "INR",
							"value": "2.5"
						}
					},
					{
						"title": "Tax",
						"@ondc/org/item_id": "63db97929cc68fbae328fa65",
						"@ondc/org/title_type": "tax",
						"price": {
							"currency": "INR",
							"value": "22.39"
						}
					},
					{
						"title": "Tax",
						"@ondc/org/item_id": "6406d8476a4db5be4982126b",
						"@ondc/org/title_type": "tax",
						"price": {
							"currency": "INR",
							"value": "12.75"
						}
					},
					{
						"title": "Delivery charges",
						"@ondc/org/item_id": "3ed9cd21-ec6f-4702-9b21-c08d46ddc346",
						"@ondc/org/title_type": "delivery",
						"price": {
							"currency": "INR",
							"value": "39"
						}
					},
					{
						"title": "Convenience Fee",
						"@ondc/org/item_id": "3ed9cd21-ec6f-4702-9b21-c08d46ddc346",
						"@ondc/org/title_type": "misc",
						"price": {
							"currency": "INR",
							"value": "45.94"
						}
					}
				],
				"ttl": "PT10M"
			},
			"payment": {
				"@ondc/org/buyer_app_finder_fee_type": "Percent",
				"@ondc/org/buyer_app_finder_fee_amount": "3",
				"@ondc/org/settlement_details": [
					{
						"settlement_counterparty": "seller-app",
						"settlement_phase": "sale-amount",
						"settlement_type": "neft",
						"settlement_bank_account_no": "1234512345",
						"settlement_ifsc_code": "15488ADEDD",
						"beneficiary_name": "Najeeb",
						"bank_name": "test",
						"branch_name": "test"
					}
				]
			}
		}
	},
	"error": {
		"code": "30010",
		"message": "Location Serviceability Error"
	}
}