{
    "context": {
        "domain": "nic2004:52110",
        "country": "IND",
        "city": "std:080",
        "action": "confirm",
        "core_version": "1.1.0",
        "bap_id": "buyer-app-preprod.ondc.org",
        "bap_uri": "https://buyer-app-preprod.ondc.org/protocol/v1",
        "bpp_uri": "https://ondcpreprod.demolocations.com/ondc/api/",
        "transaction_id": "331d8f1a-895c-467e-86d3-16a81bf4d7d8",
        "message_id": "65344408-8359-4de0-812e-4466fa0671a6",
        "timestamp": "2023-08-25T12:48:23.995Z",
        "bpp_id": "ondcpreprod.demolocations.com",
        "ttl": "PT30S"
    },
    "message": {
        "order": {
            "id": "2023-08-25-816491",
            "state": "Created",
            "billing": {
                "address": {
                    "name": "Abhi Chauhan",
                    "locality": "Street 2",
                    "city": "Noida",
                    "state": "Uttar Pradesh",
                    "country": "IND",
                    "area_code": "201301"
                },
                "phone": "8956969969",
                "name": "Abhi Chauhan",
                "email": "abhi0001ch+001@gmail.com",
                "created_at": "2023-08-25T18:18:09.000Z",
                "updated_at": "2023-08-25T18:18:09.000Z"
            },
            "items": [
                {
                    "id": "MH04-XS-Green",
                    "quantity": {
                        "count": 2
                    },
                    "fulfillment_id": "1"
                },
                {
                    "id": "MH04-XS-White",
                    "quantity": {
                        "count": 1
                    },
                    "fulfillment_id": "1"
                }
            ],
            "provider": {
                "id": "18th_stores",
                "locations": [
                    {
                        "id": "default_loc"
                    }
                ]
            },
            "fulfillments": [
                {
                    "id": "Fulfillment1",
                    "end": {
                        "contact": {
                            "email": "abhi0001ch+001@gmail.com",
                            "phone": "8956969969"
                        },
                        "person": {
                            "name": "Abhi Chauhan"
                        },
                        "location": {
                            "gps": "28.574981, 77.320812",
                            "address": {
                                "name": "Abhi Chauhan",
                                "building": "",
                                "locality": "Street 2",
                                "city": "Noida",
                                "state": "Uttar Pradesh",
                                "country": "IND",
                                "area_code": "201301"
                            }
                        }
                    },
                    "type": "Delivery"
                }
            ],
            "payment": {
                "uri": "https://juspay.in/",
                "tl_method": "http/get",
                "params": {
                    "amount": "191",
                    "currency": "INR",
                    "transaction_id": "331d8f1a-895c-467e-86d3-16a81bf4d7d8"
                },
                "status": "PAID",
                "type": "ON-ORDER",
                "collected_by": "BAP",
                "@ondc/org/buyer_app_finder_fee_type": "percent",
                "@ondc/org/buyer_app_finder_fee_amount": "3.0"
            },
            "quote": {
                "price": {
                    "currency": "INR",
                    "value": "191"
                },
                "breakup": [
                    {
                        "@ondc/org/item_id": "MH04-XS-Green",
                        "@ondc/org/item_quantity": {
                            "count": 2
                        },
                        "title": "Frankie  Sweatshirt-XS-Green",
                        "@ondc/org/title_type": "item",
                        "price": {
                            "currency": "INR",
                            "value": 120
                        }
                    },
                    {
                        "@ondc/org/item_id": "MH04-XS-White",
                        "@ondc/org/item_quantity": {
                            "count": 1
                        },
                        "title": "Frankie  Sweatshirt-XS-White",
                        "@ondc/org/title_type": "item",
                        "price": {
                            "currency": "INR",
                            "value": 60
                        }
                    },
                    {
                        "@ondc/org/item_id": "Fulfillment1",
                        "title": "Delivery charges",
                        "@ondc/org/title_type": "delivery",
                        "price": {
                            "currency": "INR",
                            "value": 20
                        }
                    },
                    {
                        "@ondc/org/item_id": "Fulfillment1",
                        "title": "Tax",
                        "@ondc/org/title_type": "tax",
                        "price": {
                            "currency": "INR",
                            "value": 0
                        }
                    },
                    {
                        "@ondc/org/item_id": "Fulfillment1",
                        "title": "Discount",
                        "@ondc/org/title_type": "discount",
                        "price": {
                            "currency": "INR",
                            "value": "-9"
                        }
                    }
                ]
            },
            "created_at": "2023-08-25T12:48:23.995Z",
            "updated_at": "2023-08-25T12:48:23.995Z"
        }
    }
}