{
    "context": {
        "domain": "nic2004:52110",
        "country": "IND",
        "city": "std:080",
        "action": "select",
        "core_version": "1.1.0",
        "bap_id": "buyer-app-preprod.ondc.org",
        "bap_uri": "https://buyer-app-preprod.ondc.org/protocol/v1",
        "bpp_uri": "https://ondcpreprod.demolocations.com/ondc/api/",
        "transaction_id": "0c2f854a-dfd8-4d71-8b27-1b395fd72f40",
        "message_id": "97f031b9-f890-45e3-97cc-db5e5682089c",
        "timestamp": "2023-08-25T12:41:28.280Z",
        "bpp_id": "ondcpreprod.demolocations.com",
        "ttl": "PT30S"
    },
    "message": {
        "order": {
            "items": [
                {
                    "id": "MH04-XS-Green",
                    "quantity": {
                        "count": 4
                    },
                    "location_id": "default_loc"
                },
                {
                    "id": "MH04-XS-White",
                    "quantity": {
                        "count": 1
                    },
                    "location_id": "default_loc"
                }
            ],
            "provider": {
                "id": "18th_stores",
                "locations": [
                    {
                        "id": "default_loc"
                    }
                ]
            },
            "fulfillments": [
                {
                    "end": {
                        "location": {
                            "gps": "28.574981, 77.320812",
                            "address": {
                                "area_code": "201301"
                            }
                        }
                    }
                }
            ]
        }
    }
}