{
    "context": {
        "domain": "nic2004:52110",
        "country": "IND",
        "city": "std:080",
        "action": "status",
        "core_version": "1.1.0",
        "bap_id": "buyer-app-preprod.ondc.org",
        "bap_uri": "https://buyer-app-preprod.ondc.org/protocol/v1",
        "bpp_uri": "https://ondcpreprod.demolocations.com/ondc/api/",
        "transaction_id": "331d8f1a-895c-467e-86d3-16a81bf4d7d8",
        "message_id": "e789b4e6-3adb-4618-b918-f1b9e3bb3f04",
        "timestamp": "2023-08-25T12:48:35.887Z",
        "bpp_id": "ondcpreprod.demolocations.com",
        "ttl": "PT30S"
    },
    "message": {
        "order_id": "2023-08-25-816491"
    }
}