{
	"context": {
		"domain": "nic2004:60232",
		"country": "IND",
		"city": "std:080",
		"action": "on_status",
		"core_version": "1.1.0",
		"bap_id": "api3.eksecond.in",
		"bap_uri": "https://api3.eksecond.in/ondc",
		"bpp_id": "ondc-preprod.loadshare.net",
		"bpp_uri": "https://ondc-preprod.loadshare.net/logistics/bpp",
		"transaction_id": "632839af4bea4df42dfe336b|7b647b8b-e122-4d51-b98f-290aab12ac4f",
		"message_id": "c1766055-3dc8-4f73-800f-841ca7ec094a",
		"timestamp": "2023-03-10T03:18:32.107Z"
	},
	"message": {
		"order": {
			"id": "9a1f7c3b-4614-4033-98d7-d2721cbddcc1",
			"state": "In-progress",
			"provider": {
				"id": "loadshare@ondc-preprod.loadshare.net"
			},
			"items": [
				{
					"id": "express",
					"descriptor": {
						"code": "P2P"
					},
					"category_id": "Immediate Delivery"
				}
			],
			"quote": {
				"price": {
					"currency": "INR",
					"value": "42"
				},
				"breakup": [
					{
						"@ondc/org/item_id": "express",
						"@ondc/org/title_type": "Delivery Charge",
						"price": {
							"currency": "INR",
							"value": "42"
						}
					}
				]
			},
			"fulfillments": [
				{
					"id": "lsn_prepaid",
					"type": "Prepaid",
					"state": {
						"descriptor": {
							"code": "Searching-for-Agent"
						}
					},
					"@ondc/org/awb_no": null,
					"tracking": true,
					"start": {
						"time": {
							"range": {
								"start": "2023-03-10T03:31:02.000Z",
								"end": "2023-03-10T03:41:02.000Z"
							}
						}
					},
					"end": {
						"time": {
							"range": {
								"start": "2023-03-10T04:01:02.000Z",
								"end": "2023-03-10T03:33:32.107Z"
							}
						}
					}
				}
			],
			"billing": {
				"name": "Ek Second Technologies",
				"email": "najeeb@eksecon.in",
				"phone": "9000912423",
				"created_at": "2023-03-10T03:15:16.680Z",
				"updated_at": "2023-03-10T03:15:16.680Z",
				"address": {
					"name": "EkSecond Pvt Ltd",
					"building": "8-7-171/10/14/B",
					"locality": "Old Bowenpally",
					"city": "secunderabad",
					"state": "Telangana",
					"country": "India",
					"area_code": "500011"
				},
				"tax_number": "ADFSDF34343"
			},
			"updated_at": "2023-03-10T03:16:06.037Z"
		}
	}
}