{
	"context": {
		"domain": "nic2004:60232",
		"country": "IND",
		"city": "std:080",
		"action": "status",
		"core_version": "1.1.0",
		"bap_id": "api3.eksecond.in",
		"bap_uri": "https://api3.eksecond.in/ondc",
		"bpp_id": "ondc-preprod.loadshare.net",
		"bpp_uri": "https://ondc-preprod.loadshare.net/logistics/bpp",
		"transaction_id": "632839af4bea4df42dfe336b|7b647b8b-e122-4d51-b98f-290aab12ac4f",
		"message_id": "c1766055-3dc8-4f73-800f-841ca7ec094a",
		"timestamp": "2023-03-10T03:16:00.346Z",
		"ttl": "PT30S"
	},
	"message": {
		"order_id": "9a1f7c3b-4614-4033-98d7-d2721cbddcc1"
	}
}