{
    "context": {
        "domain": "nic2004:52110",
        "action": "on_init",
        "core_version": "1.1.0",
        "bap_id": "buyer-app-preprod.ondc.org",
        "bap_uri": "https://buyer-app-preprod.ondc.org/protocol/v1",
        "bpp_id": "ondcpreprod.demolocations.com",
        "bpp_uri": "https://ondcpreprod.demolocations.com/ondc/api/",
        "transaction_id": "a35c445c-60f8-40ae-ab6f-727f3d23b2ef",
        "message_id": "273ed3d5-a36c-4796-a949-0f4b2afb2e3b",
        "city": "std:080",
        "country": "IND",
        "timestamp": "2023-08-25T16:29:38.000Z"
    },
    "message": {
        "order": {
            "provider": {
                "id": "18th_stores"
            },
            "provider_location": {
                "id": "default_loc"
            },
            "items": [
                {
                    "id": "WJ09-XS-Blue",
                    "quantity": {
                        "count": 1
                    },
                    "fulfillment_id": "1"
                },
                {
                    "id": "WJ09-XS-Gray",
                    "quantity": {
                        "count": 1
                    },
                    "fulfillment_id": "1"
                }
            ],
            "billing": {
                "name": "Abhi Chauhan",
                "address": {
                    "city": "Noida",
                    "state": "Uttar Pradesh",
                    "country": "IND",
                    "area_code": "201301",
                    "locality": "Street 2",
                    "name": "Abhi Chauhan"
                },
                "email": "abhi0001ch+001@gmail.com",
                "phone": "8956969969",
                "created_at": "2023-08-25T16:29:38.000Z",
                "updated_at": "2023-08-25T16:29:38.000Z"
            },
            "fulfillments": [
                {
                    "id": "Fulfillment1",
                    "type": "Delivery",
                    "end": {
                        "contact": {
                            "email": "abhi0001ch+001@gmail.com",
                            "phone": "8956969969"
                        },
                        "location": {
                            "gps": "28.574981, 77.320812",
                            "address": {
                                "name": "Abhi Chauhan",
                                "building": "",
                                "locality": "Street 2",
                                "city": "Noida",
                                "state": "Uttar Pradesh",
                                "country": "IND",
                                "area_code": "201301"
                            }
                        }
                    }
                }
            ],
            "quote": {
                "price": {
                    "currency": "INR",
                    "value": 84
                },
                "breakup": [
                    {
                        "@ondc/org/item_id": "WJ09-XS-Blue",
                        "@ondc/org/item_quantity": {
                            "count": 1
                        },
                        "title": "Jade Yoga Jacket-XS-Blue",
                        "@ondc/org/title_type": "item",
                        "price": {
                            "currency": "INR",
                            "value": 32
                        }
                    },
                    {
                        "@ondc/org/item_id": "WJ09-XS-Gray",
                        "@ondc/org/item_quantity": {
                            "count": 1
                        },
                        "title": "Jade Yoga Jacket-XS-Gray",
                        "@ondc/org/title_type": "item",
                        "price": {
                            "currency": "INR",
                            "value": 32
                        }
                    },
                    {
                        "@ondc/org/item_id": "Fulfillment1",
                        "title": "Delivery charges",
                        "@ondc/org/title_type": "delivery",
                        "price": {
                            "currency": "INR",
                            "value": 20
                        }
                    },
                    {
                        "@ondc/org/item_id": "Fulfillment1",
                        "title": "Tax",
                        "@ondc/org/title_type": "tax",
                        "price": {
                            "currency": "INR",
                            "value": 0
                        }
                    },
                    {
                        "@ondc/org/item_id": "Fulfillment1",
                        "title": "Discount",
                        "@ondc/org/title_type": "discount",
                        "price": {
                            "currency": "INR",
                            "value": "-0"
                        }
                    }
                ]
            },
            "payment": {
                "type": "ON-ORDER",
                "collected_by": "BAP",
                "@ondc/org/buyer_app_finder_fee_type": "Percent",
                "@ondc/org/buyer_app_finder_fee_amount": "3.0",
                "@ondc/org/withholding_amount": "0.0",
                "@ondc/org/return_window": "0",
                "@ondc/org/settlement_basis": "Collection",
                "@ondc/org/settlement_window": "P2D"
            }
        }
    }
}