{
    "context": {
        "domain": "nic2004:52110",
        "country": "IND",
        "city": "std:080",
        "action": "on_search",
        "core_version": "1.1.0",
        "bap_id": "buyer-app-preprod.ondc.org",
        "bap_uri": "https://buyer-app-preprod.ondc.org/protocol/v1",
        "bpp_id": "ondcpreprod.demolocations.com",
        "bpp_uri": "https://ondcpreprod.demolocations.com/ondc/api/",
        "transaction_id": "a35c445c-60f8-40ae-ab6f-727f3d23b2ef",
        "message_id": "df0d0c0c-8621-4dd0-81a0-4ccdde15b3f5",
        "timestamp": "2023-08-25T16:06:15.000Z"
    },
    "message": {
        "catalog": {
            "bpp/fulfillments": [
                {
                    "id": "1",
                    "type": "Delivery"
                },
                {
                    "id": "2",
                    "type": "Self-Pickup"
                },
                {
                    "id": "3",
                    "type": "Delivery and Self-Pickup"
                }
            ],
            "bpp/descriptor": {
                "name": "1000"
            },
            "bpp/providers": [
                {
                    "id": "18th_stores",
                    "descriptor": {
                        "name": "18TH Store PreProd",
                        "short_desc": "Online Store"
                    },
                    "locations": [
                        {
                            "id": "default_loc",
                            "gps": "13.022714275653291,77.64814346152468",
                            "time": {
                                "days": "1,2,3,4,5",
                                "schedule": {
                                    "holidays": [
                                        "2023-08-23",
                                        "2023-08-24",
                                        "2023-08-25"
                                    ],
                                    "frequency": "PT2H",
                                    "times": [
                                        "1100",
                                        "1600"
                                    ]
                                },
                                "range": {
                                    "start": "1100",
                                    "end": "1900"
                                }
                            }
                        }
                    ],
                    "items": [
                        {
                            "id": "WJ09-XS-Blue",
                            "descriptor": {
                                "name": "Jade Yoga Jacket-XS-Blue",
                                "images": [],
                                "short_desc": "",
                                "long_desc": "If only all your other jackets were as comfortable as the relaxed-fit Jade Yoga Jacket, perfect for use during stretching, biking to and from studio or strolling on breezy fall days.\n&bull; Seafoam 1/4 zip pullover with purple stitching.&bull; Lightweight, quick-drying, water-resistant construction.&bull; Shirred details at front and back for a feminine look.&bull; Hood collapses into collar.&bull; Mesh liner for breathability.&bull; Front zip pockets.&bull; Hem cinches at sideseam.&bull; 100% Polyester."
                            },
                            "price": {
                                "currency": "INR",
                                "value": 32
                            },
                            "quantity": {
                                "available": {
                                    "count": 98
                                },
                                "maximum": {
                                    "count": 98
                                }
                            },
                            "category_id": "",
                            "fulfillment_id": "1",
                            "location_id": "default_loc",
                            "@ondc/org/available_on_cod": "1",
                            "@ondc/org/returnable": "1",
                            "@ondc/org/cancellable": "1",
                            "recommended": true
                        },
                        {
                            "id": "WJ09-XS-Gray",
                            "descriptor": {
                                "name": "Jade Yoga Jacket-XS-Gray",
                                "images": [],
                                "short_desc": "",
                                "long_desc": "If only all your other jackets were as comfortable as the relaxed-fit Jade Yoga Jacket, perfect for use during stretching, biking to and from studio or strolling on breezy fall days.\n&bull; Seafoam 1/4 zip pullover with purple stitching.&bull; Lightweight, quick-drying, water-resistant construction.&bull; Shirred details at front and back for a feminine look.&bull; Hood collapses into collar.&bull; Mesh liner for breathability.&bull; Front zip pockets.&bull; Hem cinches at sideseam.&bull; 100% Polyester."
                            },
                            "price": {
                                "currency": "INR",
                                "value": 32
                            },
                            "quantity": {
                                "available": {
                                    "count": 100
                                },
                                "maximum": {
                                    "count": 100
                                }
                            },
                            "category_id": "",
                            "fulfillment_id": "1",
                            "location_id": "default_loc",
                            "@ondc/org/available_on_cod": "1",
                            "@ondc/org/returnable": "1",
                            "@ondc/org/cancellable": "1",
                            "recommended": true
                        },
                        {
                            "id": "WJ09-XS-Green",
                            "descriptor": {
                                "name": "Jade Yoga Jacket-XS-Green",
                                "images": [],
                                "short_desc": "",
                                "long_desc": "If only all your other jackets were as comfortable as the relaxed-fit Jade Yoga Jacket, perfect for use during stretching, biking to and from studio or strolling on breezy fall days.\n&bull; Seafoam 1/4 zip pullover with purple stitching.&bull; Lightweight, quick-drying, water-resistant construction.&bull; Shirred details at front and back for a feminine look.&bull; Hood collapses into collar.&bull; Mesh liner for breathability.&bull; Front zip pockets.&bull; Hem cinches at sideseam.&bull; 100% Polyester."
                            },
                            "price": {
                                "currency": "INR",
                                "value": 32
                            },
                            "quantity": {
                                "available": {
                                    "count": 100
                                },
                                "maximum": {
                                    "count": 100
                                }
                            },
                            "category_id": "",
                            "fulfillment_id": "1",
                            "location_id": "default_loc",
                            "@ondc/org/available_on_cod": "1",
                            "@ondc/org/returnable": "1",
                            "@ondc/org/cancellable": "1",
                            "recommended": true
                        },
                        {
                            "id": "WJ09-S-Blue",
                            "descriptor": {
                                "name": "Jade Yoga Jacket-S-Blue",
                                "images": [],
                                "short_desc": "",
                                "long_desc": "If only all your other jackets were as comfortable as the relaxed-fit Jade Yoga Jacket, perfect for use during stretching, biking to and from studio or strolling on breezy fall days.\n&bull; Seafoam 1/4 zip pullover with purple stitching.&bull; Lightweight, quick-drying, water-resistant construction.&bull; Shirred details at front and back for a feminine look.&bull; Hood collapses into collar.&bull; Mesh liner for breathability.&bull; Front zip pockets.&bull; Hem cinches at sideseam.&bull; 100% Polyester."
                            },
                            "price": {
                                "currency": "INR",
                                "value": 32
                            },
                            "quantity": {
                                "available": {
                                    "count": 100
                                },
                                "maximum": {
                                    "count": 100
                                }
                            },
                            "category_id": "",
                            "fulfillment_id": "1",
                            "location_id": "default_loc",
                            "@ondc/org/available_on_cod": "1",
                            "@ondc/org/returnable": "1",
                            "@ondc/org/cancellable": "1",
                            "recommended": true
                        },
                        {
                            "id": "WJ09-S-Gray",
                            "descriptor": {
                                "name": "Jade Yoga Jacket-S-Gray",
                                "images": [],
                                "short_desc": "",
                                "long_desc": "If only all your other jackets were as comfortable as the relaxed-fit Jade Yoga Jacket, perfect for use during stretching, biking to and from studio or strolling on breezy fall days.\n&bull; Seafoam 1/4 zip pullover with purple stitching.&bull; Lightweight, quick-drying, water-resistant construction.&bull; Shirred details at front and back for a feminine look.&bull; Hood collapses into collar.&bull; Mesh liner for breathability.&bull; Front zip pockets.&bull; Hem cinches at sideseam.&bull; 100% Polyester."
                            },
                            "price": {
                                "currency": "INR",
                                "value": 32
                            },
                            "quantity": {
                                "available": {
                                    "count": 100
                                },
                                "maximum": {
                                    "count": 100
                                }
                            },
                            "category_id": "",
                            "fulfillment_id": "1",
                            "location_id": "default_loc",
                            "@ondc/org/available_on_cod": "1",
                            "@ondc/org/returnable": "1",
                            "@ondc/org/cancellable": "1",
                            "recommended": true
                        },
                        {
                            "id": "WJ09-S-Green",
                            "descriptor": {
                                "name": "Jade Yoga Jacket-S-Green",
                                "images": [],
                                "short_desc": "",
                                "long_desc": "If only all your other jackets were as comfortable as the relaxed-fit Jade Yoga Jacket, perfect for use during stretching, biking to and from studio or strolling on breezy fall days.\n&bull; Seafoam 1/4 zip pullover with purple stitching.&bull; Lightweight, quick-drying, water-resistant construction.&bull; Shirred details at front and back for a feminine look.&bull; Hood collapses into collar.&bull; Mesh liner for breathability.&bull; Front zip pockets.&bull; Hem cinches at sideseam.&bull; 100% Polyester."
                            },
                            "price": {
                                "currency": "INR",
                                "value": 32
                            },
                            "quantity": {
                                "available": {
                                    "count": 100
                                },
                                "maximum": {
                                    "count": 100
                                }
                            },
                            "category_id": "",
                            "fulfillment_id": "1",
                            "location_id": "default_loc",
                            "@ondc/org/available_on_cod": "1",
                            "@ondc/org/returnable": "1",
                            "@ondc/org/cancellable": "1",
                            "recommended": true
                        },
                        {
                            "id": "WJ09-M-Blue",
                            "descriptor": {
                                "name": "Jade Yoga Jacket-M-Blue",
                                "images": [],
                                "short_desc": "",
                                "long_desc": "If only all your other jackets were as comfortable as the relaxed-fit Jade Yoga Jacket, perfect for use during stretching, biking to and from studio or strolling on breezy fall days.\n&bull; Seafoam 1/4 zip pullover with purple stitching.&bull; Lightweight, quick-drying, water-resistant construction.&bull; Shirred details at front and back for a feminine look.&bull; Hood collapses into collar.&bull; Mesh liner for breathability.&bull; Front zip pockets.&bull; Hem cinches at sideseam.&bull; 100% Polyester."
                            },
                            "price": {
                                "currency": "INR",
                                "value": 32
                            },
                            "quantity": {
                                "available": {
                                    "count": 100
                                },
                                "maximum": {
                                    "count": 100
                                }
                            },
                            "category_id": "",
                            "fulfillment_id": "1",
                            "location_id": "default_loc",
                            "@ondc/org/available_on_cod": "1",
                            "@ondc/org/returnable": "1",
                            "@ondc/org/cancellable": "1",
                            "recommended": true
                        },
                        {
                            "id": "WJ09-M-Gray",
                            "descriptor": {
                                "name": "Jade Yoga Jacket-M-Gray",
                                "images": [],
                                "short_desc": "",
                                "long_desc": "If only all your other jackets were as comfortable as the relaxed-fit Jade Yoga Jacket, perfect for use during stretching, biking to and from studio or strolling on breezy fall days.\n&bull; Seafoam 1/4 zip pullover with purple stitching.&bull; Lightweight, quick-drying, water-resistant construction.&bull; Shirred details at front and back for a feminine look.&bull; Hood collapses into collar.&bull; Mesh liner for breathability.&bull; Front zip pockets.&bull; Hem cinches at sideseam.&bull; 100% Polyester."
                            },
                            "price": {
                                "currency": "INR",
                                "value": 32
                            },
                            "quantity": {
                                "available": {
                                    "count": 100
                                },
                                "maximum": {
                                    "count": 100
                                }
                            },
                            "category_id": "",
                            "fulfillment_id": "1",
                            "location_id": "default_loc",
                            "@ondc/org/available_on_cod": "1",
                            "@ondc/org/returnable": "1",
                            "@ondc/org/cancellable": "1",
                            "recommended": true
                        },
                        {
                            "id": "WJ09-M-Green",
                            "descriptor": {
                                "name": "Jade Yoga Jacket-M-Green",
                                "images": [],
                                "short_desc": "",
                                "long_desc": "If only all your other jackets were as comfortable as the relaxed-fit Jade Yoga Jacket, perfect for use during stretching, biking to and from studio or strolling on breezy fall days.\n&bull; Seafoam 1/4 zip pullover with purple stitching.&bull; Lightweight, quick-drying, water-resistant construction.&bull; Shirred details at front and back for a feminine look.&bull; Hood collapses into collar.&bull; Mesh liner for breathability.&bull; Front zip pockets.&bull; Hem cinches at sideseam.&bull; 100% Polyester."
                            },
                            "price": {
                                "currency": "INR",
                                "value": 32
                            },
                            "quantity": {
                                "available": {
                                    "count": 100
                                },
                                "maximum": {
                                    "count": 100
                                }
                            },
                            "category_id": "",
                            "fulfillment_id": "1",
                            "location_id": "default_loc",
                            "@ondc/org/available_on_cod": "1",
                            "@ondc/org/returnable": "1",
                            "@ondc/org/cancellable": "1",
                            "recommended": true
                        },
                        {
                            "id": "WJ09-L-Blue",
                            "descriptor": {
                                "name": "Jade Yoga Jacket-L-Blue",
                                "images": [],
                                "short_desc": "",
                                "long_desc": "If only all your other jackets were as comfortable as the relaxed-fit Jade Yoga Jacket, perfect for use during stretching, biking to and from studio or strolling on breezy fall days.\n&bull; Seafoam 1/4 zip pullover with purple stitching.&bull; Lightweight, quick-drying, water-resistant construction.&bull; Shirred details at front and back for a feminine look.&bull; Hood collapses into collar.&bull; Mesh liner for breathability.&bull; Front zip pockets.&bull; Hem cinches at sideseam.&bull; 100% Polyester."
                            },
                            "price": {
                                "currency": "INR",
                                "value": 32
                            },
                            "quantity": {
                                "available": {
                                    "count": 100
                                },
                                "maximum": {
                                    "count": 100
                                }
                            },
                            "category_id": "",
                            "fulfillment_id": "1",
                            "location_id": "default_loc",
                            "@ondc/org/available_on_cod": "1",
                            "@ondc/org/returnable": "1",
                            "@ondc/org/cancellable": "1",
                            "recommended": true
                        },
                        {
                            "id": "WJ09-L-Gray",
                            "descriptor": {
                                "name": "Jade Yoga Jacket-L-Gray",
                                "images": [],
                                "short_desc": "",
                                "long_desc": "If only all your other jackets were as comfortable as the relaxed-fit Jade Yoga Jacket, perfect for use during stretching, biking to and from studio or strolling on breezy fall days.\n&bull; Seafoam 1/4 zip pullover with purple stitching.&bull; Lightweight, quick-drying, water-resistant construction.&bull; Shirred details at front and back for a feminine look.&bull; Hood collapses into collar.&bull; Mesh liner for breathability.&bull; Front zip pockets.&bull; Hem cinches at sideseam.&bull; 100% Polyester."
                            },
                            "price": {
                                "currency": "INR",
                                "value": 32
                            },
                            "quantity": {
                                "available": {
                                    "count": 100
                                },
                                "maximum": {
                                    "count": 100
                                }
                            },
                            "category_id": "",
                            "fulfillment_id": "1",
                            "location_id": "default_loc",
                            "@ondc/org/available_on_cod": "1",
                            "@ondc/org/returnable": "1",
                            "@ondc/org/cancellable": "1",
                            "recommended": true
                        },
                        {
                            "id": "WJ09-L-Green",
                            "descriptor": {
                                "name": "Jade Yoga Jacket-L-Green",
                                "images": [],
                                "short_desc": "",
                                "long_desc": "If only all your other jackets were as comfortable as the relaxed-fit Jade Yoga Jacket, perfect for use during stretching, biking to and from studio or strolling on breezy fall days.\n&bull; Seafoam 1/4 zip pullover with purple stitching.&bull; Lightweight, quick-drying, water-resistant construction.&bull; Shirred details at front and back for a feminine look.&bull; Hood collapses into collar.&bull; Mesh liner for breathability.&bull; Front zip pockets.&bull; Hem cinches at sideseam.&bull; 100% Polyester."
                            },
                            "price": {
                                "currency": "INR",
                                "value": 32
                            },
                            "quantity": {
                                "available": {
                                    "count": 100
                                },
                                "maximum": {
                                    "count": 100
                                }
                            },
                            "category_id": "",
                            "fulfillment_id": "1",
                            "location_id": "default_loc",
                            "@ondc/org/available_on_cod": "1",
                            "@ondc/org/returnable": "1",
                            "@ondc/org/cancellable": "1",
                            "recommended": true
                        },
                        {
                            "id": "WJ09-XL-Blue",
                            "descriptor": {
                                "name": "Jade Yoga Jacket-XL-Blue",
                                "images": [],
                                "short_desc": "",
                                "long_desc": "If only all your other jackets were as comfortable as the relaxed-fit Jade Yoga Jacket, perfect for use during stretching, biking to and from studio or strolling on breezy fall days.\n&bull; Seafoam 1/4 zip pullover with purple stitching.&bull; Lightweight, quick-drying, water-resistant construction.&bull; Shirred details at front and back for a feminine look.&bull; Hood collapses into collar.&bull; Mesh liner for breathability.&bull; Front zip pockets.&bull; Hem cinches at sideseam.&bull; 100% Polyester."
                            },
                            "price": {
                                "currency": "INR",
                                "value": 32
                            },
                            "quantity": {
                                "available": {
                                    "count": 100
                                },
                                "maximum": {
                                    "count": 100
                                }
                            },
                            "category_id": "",
                            "fulfillment_id": "1",
                            "location_id": "default_loc",
                            "@ondc/org/available_on_cod": "1",
                            "@ondc/org/returnable": "1",
                            "@ondc/org/cancellable": "1",
                            "recommended": true
                        },
                        {
                            "id": "WJ09-XL-Gray",
                            "descriptor": {
                                "name": "Jade Yoga Jacket-XL-Gray",
                                "images": [],
                                "short_desc": "",
                                "long_desc": "If only all your other jackets were as comfortable as the relaxed-fit Jade Yoga Jacket, perfect for use during stretching, biking to and from studio or strolling on breezy fall days.\n&bull; Seafoam 1/4 zip pullover with purple stitching.&bull; Lightweight, quick-drying, water-resistant construction.&bull; Shirred details at front and back for a feminine look.&bull; Hood collapses into collar.&bull; Mesh liner for breathability.&bull; Front zip pockets.&bull; Hem cinches at sideseam.&bull; 100% Polyester."
                            },
                            "price": {
                                "currency": "INR",
                                "value": 32
                            },
                            "quantity": {
                                "available": {
                                    "count": 100
                                },
                                "maximum": {
                                    "count": 100
                                }
                            },
                            "category_id": "",
                            "fulfillment_id": "1",
                            "location_id": "default_loc",
                            "@ondc/org/available_on_cod": "1",
                            "@ondc/org/returnable": "1",
                            "@ondc/org/cancellable": "1",
                            "recommended": true
                        },
                        {
                            "id": "WJ09-XL-Green",
                            "descriptor": {
                                "name": "Jade Yoga Jacket-XL-Green",
                                "images": [],
                                "short_desc": "",
                                "long_desc": "If only all your other jackets were as comfortable as the relaxed-fit Jade Yoga Jacket, perfect for use during stretching, biking to and from studio or strolling on breezy fall days.\n&bull; Seafoam 1/4 zip pullover with purple stitching.&bull; Lightweight, quick-drying, water-resistant construction.&bull; Shirred details at front and back for a feminine look.&bull; Hood collapses into collar.&bull; Mesh liner for breathability.&bull; Front zip pockets.&bull; Hem cinches at sideseam.&bull; 100% Polyester."
                            },
                            "price": {
                                "currency": "INR",
                                "value": 32
                            },
                            "quantity": {
                                "available": {
                                    "count": 100
                                },
                                "maximum": {
                                    "count": 100
                                }
                            },
                            "category_id": "",
                            "fulfillment_id": "1",
                            "location_id": "default_loc",
                            "@ondc/org/available_on_cod": "1",
                            "@ondc/org/returnable": "1",
                            "@ondc/org/cancellable": "1",
                            "recommended": true
                        }
                    ],
                    "fulfillments": [
                        {
                            "contact": {
                                "phone": "9886098860",
                                "email": "abc@xyz.com"
                            }
                        }
                    ],
                    "tags": [
                        {
                            "code": "serviceability",
                            "list": [
                                {
                                    "code": "location",
                                    "value": "default_loc"
                                },
                                {
                                    "code": "type",
                                    "value": "11"
                                },
                                {
                                    "code": "val",
                                    "value": "560001-560076,560083"
                                },
                                {
                                    "code": "unit",
                                    "value": "pincode"
                                }
                            ]
                        }
                    ]
                }
            ]
        }
    }
}