{
	"context": {
		"domain": "nic2004:60232",
		"country": "IND",
		"city": "std:080",
		"action": "status",
		"core_version": "1.1.0",
		"bap_id": "api3.eksecond.in",
		"bap_uri": "https://api3.eksecond.in/ondc",
		"bpp_id": "ondc-preprod.loadshare.net",
		"bpp_uri": "https://ondc-preprod.loadshare.net/logistics/bpp",
		"transaction_id": "632839af4bea4df42dfe336b|ea53425b-09b1-4e55-aaaf-a81d62f82fe0",
		"message_id": "7d30f4c5-07b3-4669-b47c-1226a07ca541",
		"timestamp": "2023-03-08T14:01:20.367Z",
		"ttl": "PT30S"
	},
	"message": {
		"order_id": "91e860de-8fdc-4a34-a621-ecc93caeeb10"
	}
}