{
	"context": {
		"domain": "nic2004:60232",
		"country": "IND",
		"city": "std:080",
		"action": "on_confirm",
		"core_version": "1.1.0",
		"bap_id": "api3.eksecond.in",
		"bap_uri": "https://api3.eksecond.in/ondc",
		"bpp_id": "ondc-preprod.loadshare.net",
		"bpp_uri": "https://ondc-preprod.loadshare.net/logistics/bpp",
		"transaction_id": "632839af4bea4df42dfe336b|ea53425b-09b1-4e55-aaaf-a81d62f82fe0",
		"message_id": "297d771c-3bcb-4406-9c80-871c3e117630",
		"timestamp": "2023-03-08T14:01:21.921Z"
	},
	"message": {
		"order": {
			"id": "91e860de-8fdc-4a34-a621-ecc93caeeb10",
			"state": "Accepted",
			"provider": {
				"id": "loadshare@ondc-preprod.loadshare.net"
			},
			"items": [
				{
					"id": "express",
					"descriptor": {
						"code": "P2P"
					},
					"category_id": "Immediate Delivery"
				}
			],
			"quote": {
				"price": {
					"currency": "INR",
					"value": "42"
				},
				"breakup": [
					{
						"@ondc/org/item_id": "express",
						"@ondc/org/title_type": "Delivery Charge",
						"price": {
							"currency": "INR",
							"value": "42"
						}
					}
				]
			},
			"fulfillments": [
				{
					"id": "lsn_prepaid",
					"type": "Prepaid",
					"state": {
						"descriptor": {
							"code": "Pending"
						}
					},
					"@ondc/org/awb_no": null,
					"tracking": true,
					"start": {
						"time": {
							"range": {
								"start": "2023-03-08T14:16:30.000Z",
								"end": "2023-03-08T14:26:30.000Z"
							}
						}
					},
					"end": {
						"time": {
							"range": {
								"start": "2023-03-08T14:46:30.000Z",
								"end": "2023-03-08T15:01:30.000Z"
							}
						}
					}
				}
			],
			"billing": {
				"name": "Ek Second Technologies",
				"email": "najeeb@eksecon.in",
				"phone": "9000912423",
				"created_at": "2023-03-08T14:00:49.364Z",
				"updated_at": "2023-03-08T14:00:49.364Z",
				"address": {
					"name": "EkSecond Pvt Ltd",
					"building": "8-7-171/10/14/B",
					"locality": "Old Bowenpally",
					"city": "secunderabad",
					"state": "Telangana",
					"country": "India",
					"area_code": "500011"
				},
				"tax_number": "ADFSDF34343"
			},
			"created_at": "2023-03-08T14:01:20.367Z",
			"updated_at": "2023-03-08T14:01:21.921Z"
		}
	}
}