{
	"context": {
		"domain": "nic2004:60232",
		"country": "IND",
		"city": "std:080",
		"action": "status",
		"core_version": "1.1.0",
		"bap_id": "api3.eksecond.in",
		"bap_uri": "https://api3.eksecond.in/ondc",
		"bpp_id": "ondc-preprod.loadshare.net",
		"bpp_uri": "https://ondc-preprod.loadshare.net/logistics/bpp",
		"transaction_id": "632839af4bea4df42dfe336b|5ea228e7-dbde-463c-8651-d1785d87bc2b",
		"message_id": "eed35f89-b575-472c-a10f-0e656b461fa7",
		"timestamp": "2023-03-10T05:38:22.539Z",
		"ttl": "PT30S"
	},
	"message": {
		"order_id": "89725f5f-7cd6-4414-bf13-e8c4f738a127"
	}
}