{
	"context": {
		"domain": "nic2004:60232",
		"country": "IND",
		"city": "std:080",
		"action": "on_cancel",
		"core_version": "1.1.0",
		"bap_id": "api3.eksecond.in",
		"bap_uri": "https://api3.eksecond.in/ondc",
		"bpp_id": "ondc-preprod.loadshare.net",
		"bpp_uri": "https://ondc-preprod.loadshare.net/logistics/bpp",
		"transaction_id": "632839af4bea4df42dfe336b|5ea228e7-dbde-463c-8651-d1785d87bc2b",
		"message_id": "0a0482dc-35a3-4080-92f1-ee55980ccebf",
		"timestamp": "2023-03-10T05:39:40.169Z"
	},
	"message": {
		"order": {
			"id": "89725f5f-7cd6-4414-bf13-e8c4f738a127",
			"state": "Cancelled",
			"fulfillments": [
				{
					"id": "lsn_prepaid",
					"type": "Prepaid",
					"state": {
						"descriptor": {
							"code": "Cancelled"
						}
					},
					"tags": {
						"cancellation_reason_id": "001"
					}
				}
			]
		}
	}
}