{
	"context": {
		"domain": "nic2004:52110",
		"country": "IND",
		"city": "std:080",
		"action": "search",
		"core_version": "1.1.0",
		"bap_id": "buyer-app-preprod.ondc.org",
		"bap_uri": "https://buyer-app-preprod.ondc.org/protocol/v1",
		"transaction_id": "4900c7f2-2d2e-4470-8185-8765fd25c96f",
		"message_id": "01a38b07-eb6a-4bd1-bec3-eb9974a82be0",
		"timestamp": "2023-03-13T14:27:06.519Z",
		"ttl": "PT30S"
	},
	"message": {
		"intent": {
			"item": {
				"descriptor": {
					"name": "Mutton Biryani"
				}
			},
			"fulfillment": {
				"type": "Delivery",
				"end": {
					"location": {
						"gps": "12.9134750000001,77.6783750000001"
					}
				}
			},
			"payment": {
				"@ondc/org/buyer_app_finder_fee_type": "percent",
				"@ondc/org/buyer_app_finder_fee_amount": "3.0"
			}
		}
	}
}