{
	"context": {
		"domain": "nic2004:52110",
		"country": "IND",
		"city": "std:080",
		"action": "on_search",
		"core_version": "1.1.0",
		"bap_id": "buyer-app-preprod.ondc.org",
		"bap_uri": "https://buyer-app-preprod.ondc.org/protocol/v1",
		"bpp_id": "api3.eksecond.in",
		"bpp_uri": "https://api3.eksecond.in/ondc",
		"transaction_id": "4900c7f2-2d2e-4470-8185-8765fd25c96f",
		"message_id": "01a38b07-eb6a-4bd1-bec3-eb9974a82be0",
		"timestamp": "2023-03-13T14:27:07.486Z"
	},
	"message": {
		"catalog": {
			"bpp/descriptor": {
				"name": "Ek Second",
				"symbol": "https://ondcresources.blob.core.windows.net/images/logo_small.jpg",
				"short_desc": "The EkSecond POS",
				"long_desc": "The EkSecond POS",
				"images": [
					"https://ondcresources.blob.core.windows.net/images/logo_small.jpg"
				]
			},
			"bpp/providers": [
				{
					"id": "632839af4bea4df42dfe336b",
					"descriptor": {
						"name": "Rumaan",
						"symbol": "https://ondcresources.blob.core.windows.net/images/spice9.png",
						"short_desc": "Rumaan - An authentic biryani restaurant",
						"long_desc": "Rumaan - An authentic biryani restaurant",
						"images": [
							"https://ondcresources.blob.core.windows.net/images/spice9.png"
						]
					},
					"@ondc/org/fssai_license_no": "11222302000968",
					"time": {
						"label": "enable",
						"timestamp": "2023-03-13T14:27:07.486Z"
					},
					"locations": [
						{
							"id": "632839af4bea4df42dfe336b",
							"gps": "12.913371523733359,77.68308302883554",
							"address": {
								"name": "Rumaan",
								"building": "1",
								"locality": "Doddakannelli",
								"city": "Bengaluru",
								"state": "Karnataka",
								"country": "IND",
								"area_code": "560035"
							},
							"circle": {
								"gps": "12.9108368820838, 77.68566072642056",
								"radius": {
									"value": 25,
									"unit": "km"
								}
							},
							"time": {
								"range": {
									"start": "0600",
									"end": "2300"
								},
								"days": "1,2,3,4,5,6,7"
							}
						}
					],
					"items": [
						{
							"id": "63db97929cc68fbae328fa65",
							"descriptor": {
								"name": "Imperial Special Mutton Biryani",
								"symbol": "https://ondcresources.blob.core.windows.net/tenants/images/Imperial%20Multi-Cusine%20Restaurant/xwynhndt3l8cckfwcghi.png",
								"short_desc": "Imperial Special Mutton Biryani",
								"long_desc": "Imperial Special Mutton Biryani",
								"images": [
									"https://ondcresources.blob.core.windows.net/tenants/images/Imperial%20Multi-Cusine%20Restaurant/xwynhndt3l8cckfwcghi.png"
								]
							},
							"price": {
								"currency": "INR",
								"value": "439",
								"maximum_value": "439"
							},
							"category_id": "F&B",
							"fulfillment_id": "1",
							"location_id": "632839af4bea4df42dfe336b",
							"quantity": {
								"available": {
									"count": "1000"
								},
								"maximum": {
									"count": "1000"
								}
							},
							"@ondc/org/returnable": true,
							"@ondc/org/seller_pickup_return": false,
							"@ondc/org/return_window": "PT2H",
							"@ondc/org/cancellable": true,
							"@ondc/org/time_to_ship": "PT45M",
							"@ondc/org/available_on_cod": false,
							"@ondc/org/contact_details_consumer_care": "Najeeb, najeeb@eksecond.in, 9000912423",
							"tags": {
								"non_veg": "yes",
								"veg": "no"
							}
						},
						{
							"id": "640843cb6a4db5be49821329",
							"descriptor": {
								"name": "Mutton Biryani Plate",
								"symbol": "https://ondcresources.blob.core.windows.net/tenants/images/Spice%209/no-image.png",
								"short_desc": "Mutton Biryani Plate",
								"long_desc": "Mutton Biryani Plate",
								"images": [
									"https://ondcresources.blob.core.windows.net/tenants/images/Spice%209/no-image.png"
								]
							},
							"price": {
								"currency": "INR",
								"value": "320",
								"maximum_value": "320"
							},
							"category_id": "F&B",
							"fulfillment_id": "1",
							"location_id": "632839af4bea4df42dfe336b",
							"quantity": {
								"available": {
									"count": "1000"
								},
								"maximum": {
									"count": "1000"
								}
							},
							"@ondc/org/returnable": true,
							"@ondc/org/seller_pickup_return": false,
							"@ondc/org/return_window": "PT2H",
							"@ondc/org/cancellable": true,
							"@ondc/org/time_to_ship": "PT45M",
							"@ondc/org/available_on_cod": false,
							"@ondc/org/contact_details_consumer_care": "Najeeb, najeeb@eksecond.in, 9000912423",
							"tags": {
								"non_veg": "yes",
								"veg": "no"
							}
						}
					],
					"ttl": "P1D",
					"fulfillments": [
						{
							"contact": {
								"phone": "9000912423",
								"email": "mohd@gmail.com"
							}
						}
					],
					"tags": [
						{
							"code": "serviceability",
							"list": [
								{
									"code": "location",
									"value": "632839af4bea4df42dfe336b"
								},
								{
									"code": "category",
									"value": "F&B"
								},
								{
									"code": "type",
									"value": "10"
								},
								{
									"code": "val",
									"value": "25"
								},
								{
									"code": "unit",
									"value": "km"
								}
							]
						}
					]
				}
			],
			"bpp/fulfillments": [
				{
					"id": "1",
					"type": "Delivery"
				},
				{
					"id": "2",
					"type": "Self-Pickup"
				}
			]
		}
	}
}