{
	"context": {
		"domain": "nic2004:52110",
		"country": "IND",
		"city": "std:080",
		"action": "select",
		"core_version": "1.1.0",
		"bap_id": "buyer-app-preprod.ondc.org",
		"bap_uri": "https://buyer-app-preprod.ondc.org/protocol/v1",
		"bpp_uri": "https://api3.eksecond.in/ondc",
		"transaction_id": "4900c7f2-2d2e-4470-8185-8765fd25c96f",
		"message_id": "dd3bf560-38d8-459c-90f8-44923d021725",
		"timestamp": "2023-03-13T14:27:16.851Z",
		"bpp_id": "api3.eksecond.in",
		"ttl": "PT30S"
	},
	"message": {
		"order": {
			"items": [
				{
					"id": "63db97929cc68fbae328fa65",
					"quantity": {
						"count": 1
					},
					"location_id": "632839af4bea4df42dfe336b"
				},
				{
					"id": "640843cb6a4db5be49821329",
					"quantity": {
						"count": 1
					},
					"location_id": "632839af4bea4df42dfe336b"
				}
			],
			"provider": {
				"id": "632839af4bea4df42dfe336b",
				"locations": [
					{
						"id": "632839af4bea4df42dfe336b"
					}
				]
			},
			"fulfillments": [
				{
					"end": {
						"location": {
							"gps": "12.9134750000001, 77.6783750000001",
							"address": {
								"area_code": "560035"
							}
						}
					}
				}
			]
		}
	}
}