{
	"context": {
		"domain": "nic2004:52110",
		"country": "IND",
		"city": "std:080",
		"action": "init",
		"core_version": "1.1.0",
		"bap_id": "buyer-app-preprod.ondc.org",
		"bap_uri": "https://buyer-app-preprod.ondc.org/protocol/v1",
		"bpp_uri": "https://api3.eksecond.in/ondc",
		"transaction_id": "4900c7f2-2d2e-4470-8185-8765fd25c96f",
		"message_id": "8dab4bc9-4c92-4279-8edf-caefde5dded7",
		"timestamp": "2023-03-13T14:27:31.791Z",
		"bpp_id": "api3.eksecond.in",
		"ttl": "PT30S"
	},
	"message": {
		"order": {
			"provider": {
				"id": "632839af4bea4df42dfe336b",
				"locations": [
					{
						"id": "632839af4bea4df42dfe336b"
					}
				]
			},
			"items": [
				{
					"id": "63db97929cc68fbae328fa65",
					"quantity": {
						"count": 1
					},
					"fulfillment_id": "95ded270-e13d-4e60-9288-67d26d922971"
				},
				{
					"id": "640843cb6a4db5be49821329",
					"quantity": {
						"count": 1
					},
					"fulfillment_id": "95ded270-e13d-4e60-9288-67d26d922971"
				}
			],
			"billing": {
				"address": {
					"building": "Ambalipura- sarjapur Rd",
					"city": "Bengaluru",
					"state": "Karnataka",
					"country": "IND",
					"area_code": "560035",
					"locality": "3rd Floor, Gold Sand",
					"name": "Abdul Aziz"
				},
				"phone": "9000912423",
				"name": "Abdul Aziz",
				"email": "syedabdul12696@gmail.com",
				"created_at": "2023-03-13T14:27:31.791Z",
				"updated_at": "2023-03-13T14:27:31.791Z"
			},
			"fulfillments": [
				{
					"id": "95ded270-e13d-4e60-9288-67d26d922971",
					"type": "Delivery",
					"tracking": false,
					"end": {
						"contact": {
							"email": "syedabdul12696@gmail.com",
							"phone": "9000912423"
						},
						"location": {
							"gps": "12.9075050000001, 77.695502",
							"address": {
								"building": "Ambalipura- sarjapur Rd",
								"city": "Bengaluru",
								"state": "Karnataka",
								"country": "IND",
								"area_code": "560035",
								"locality": "3rd Floor, Gold Sand",
								"name": "Abdul Aziz"
							}
						}
					}
				}
			]
		}
	}
}