{
	"context": {
		"domain": "nic2004:52110",
		"country": "IND",
		"city": "std:080",
		"action": "on_init",
		"core_version": "1.1.0",
		"bap_id": "buyer-app-preprod.ondc.org",
		"bap_uri": "https://buyer-app-preprod.ondc.org/protocol/v1",
		"bpp_id": "api3.eksecond.in",
		"bpp_uri": "https://api3.eksecond.in/ondc",
		"transaction_id": "4900c7f2-2d2e-4470-8185-8765fd25c96f",
		"message_id": "8dab4bc9-4c92-4279-8edf-caefde5dded7",
		"timestamp": "2023-03-13T14:27:39.177Z"
	},
	"message": {
		"order": {
			"items": [
				{
					"id": "63db97929cc68fbae328fa65",
					"fulfillment_id": "95ded270-e13d-4e60-9288-67d26d922971",
					"quantity": {
						"count": 1
					}
				},
				{
					"id": "640843cb6a4db5be49821329",
					"fulfillment_id": "95ded270-e13d-4e60-9288-67d26d922971",
					"quantity": {
						"count": 1
					}
				}
			],
			"provider": {
				"id": "632839af4bea4df42dfe336b"
			},
			"provider_location": {
				"id": "632839af4bea4df42dfe336b"
			},
			"fulfillments": [
				{
					"id": "95ded270-e13d-4e60-9288-67d26d922971",
					"type": "Delivery",
					"tracking": false,
					"end": {
						"location": {
							"gps": "12.913371523733359,77.68308302883554",
							"address": {
								"name": "Rumaan",
								"building": "1",
								"locality": "Doddakannelli",
								"city": "Bengaluru",
								"state": "Karnataka",
								"country": "IND",
								"area_code": "560035"
							}
						},
						"contact": {
							"phone": "9000912423",
							"email": "syedabdul12696@gmail.com"
						}
					}
				}
			],
			"quote": {
				"price": {
					"currency": "INR",
					"value": "889.56"
				},
				"breakup": [
					{
						"title": "Imperial Special Mutton Biryani",
						"@ondc/org/item_id": "63db97929cc68fbae328fa65",
						"@ondc/org/title_type": "item",
						"price": {
							"currency": "INR",
							"value": "439.00"
						},
						"@ondc/org/item_quantity": {
							"count": 1
						},
						"item": {
							"price": {
								"currency": "INR",
								"value": "439"
							}
						}
					},
					{
						"title": "Mutton Biryani Plate",
						"@ondc/org/item_id": "640843cb6a4db5be49821329",
						"@ondc/org/title_type": "item",
						"price": {
							"currency": "INR",
							"value": "320.00"
						},
						"@ondc/org/item_quantity": {
							"count": 1
						},
						"item": {
							"price": {
								"currency": "INR",
								"value": "320"
							}
						}
					},
					{
						"title": "Packing charges",
						"@ondc/org/item_id": "95ded270-e13d-4e60-9288-67d26d922971",
						"@ondc/org/title_type": "packing",
						"price": {
							"currency": "INR",
							"value": "2.5"
						}
					},
					{
						"title": "Tax",
						"@ondc/org/item_id": "63db97929cc68fbae328fa65",
						"@ondc/org/title_type": "tax",
						"price": {
							"currency": "INR",
							"value": "22.39"
						}
					},
					{
						"title": "Tax",
						"@ondc/org/item_id": "640843cb6a4db5be49821329",
						"@ondc/org/title_type": "tax",
						"price": {
							"currency": "INR",
							"value": "16.32"
						}
					},
					{
						"title": "Delivery charges",
						"@ondc/org/item_id": "95ded270-e13d-4e60-9288-67d26d922971",
						"@ondc/org/title_type": "delivery",
						"price": {
							"currency": "INR",
							"value": "39"
						}
					},
					{
						"title": "Convenience Fee",
						"@ondc/org/item_id": "95ded270-e13d-4e60-9288-67d26d922971",
						"@ondc/org/title_type": "misc",
						"price": {
							"currency": "INR",
							"value": "50.35"
						}
					}
				],
				"ttl": "PT10M"
			},
			"payment": {
				"@ondc/org/buyer_app_finder_fee_type": "Percent",
				"@ondc/org/buyer_app_finder_fee_amount": "3",
				"@ondc/org/settlement_details": [
					{
						"settlement_counterparty": "seller-app",
						"settlement_phase": "sale-amount",
						"settlement_type": "neft",
						"settlement_bank_account_no": "1234512345",
						"settlement_ifsc_code": "15488ADEDD",
						"beneficiary_name": "Najeeb",
						"bank_name": "test",
						"branch_name": "test"
					}
				]
			},
			"billing": {
				"name": "Abdul Aziz",
				"email": "syedabdul12696@gmail.com",
				"phone": "9000912423",
				"created_at": "2023-03-13T14:27:31.791Z",
				"updated_at": "2023-03-13T14:27:31.791Z",
				"address": {
					"name": "Abdul Aziz",
					"building": "Ambalipura- sarjapur Rd",
					"locality": "3rd Floor, Gold Sand",
					"city": "Bengaluru",
					"state": "Karnataka",
					"country": "IND",
					"area_code": "560035"
				}
			}
		}
	}
}