{
	"context": {
		"domain": "nic2004:52110",
		"country": "IND",
		"city": "std:080",
		"action": "on_cancel",
		"core_version": "1.1.0",
		"bap_id": "buyer-app-preprod.ondc.org",
		"bap_uri": "https://buyer-app-preprod.ondc.org/protocol/v1",
		"bpp_id": "api3.eksecond.in",
		"bpp_uri": "https://api3.eksecond.in/ondc",
		"transaction_id": "4900c7f2-2d2e-4470-8185-8765fd25c96f",
		"message_id": "9c85b89b-145a-48ec-867b-cd48c3fa0797",
		"timestamp": "2023-03-13T14:28:06.667Z"
	},
	"message": {
		"order": {
			"id": "2023-03-13-315099",
			"state": "Cancelled",
			"tags": {
				"cancellation_reason_id": "005"
			}
		}
	}
}