{
	"context": {
		"domain": "nic2004:52110",
		"country": "IND",
		"city": "std:080",
		"action": "update",
		"core_version": "1.1.0",
		"bap_id": "buyer-app-preprod.ondc.org",
		"bap_uri": "https://buyer-app-preprod.ondc.org/protocol/v1",
		"bpp_uri": "https://api3.eksecond.in/ondc",
		"transaction_id": "be9629f6-5d6f-4af9-825e-13bf6ea4b242",
		"message_id": "be6bcbaf-60c2-4e51-9e05-9f8dafb741ce",
		"timestamp": "2023-03-13T14:49:45.762Z",
		"bpp_id": "api3.eksecond.in",
		"ttl": "PT30S"
	},
	"message": {
		"update_target": "item",
		"order": {
			"id": "2023-03-13-893129",
			"state": "Completed",
			"provider": {
				"id": "632839af4bea4df42dfe336b"
			},
			"items": [
				{
					"id": "63db97929cc68fbae328fa65",
					"quantity": {
						"count": 1
					},
					"tags": {
						"update_type": "return",
						"reason_code": "002",
						"ttl_approval": "PT2H",
						"ttl_reverseqc": "P3D",
						"image": ""
					}
				}
			]
		}
	}
}