{
	"context": {
		"domain": "nic2004:52110",
		"country": "IND",
		"city": "std:080",
		"action": "update",
		"core_version": "1.1.0",
		"bap_id": "buyer-app-preprod.ondc.org",
		"bap_uri": "https://buyer-app-preprod.ondc.org/protocol/v1",
		"bpp_uri": "https://api3.eksecond.in/ondc",
		"transaction_id": "ea53425b-09b1-4e55-aaaf-a81d62f82fe0",
		"message_id": "af77bf1c-ff1a-4569-811f-caa2698b3fd1",
		"timestamp": "2023-03-08T14:22:01.325Z",
		"bpp_id": "api3.eksecond.in",
		"ttl": "PT30S"
	},
	"message": {
		"update_target": "item",
		"order": {
			"id": "2023-02-08-333413",
			"state": "Accepted",
			"provider": {
				"id": "632839af4bea4df42dfe336b"
			},
			"items": [
				{
					"id": "63db97929cc68fbae328fa65",
					"quantity": {
						"count": 1
					},
					"tags": {
						"update_type": "return",
						"reason_code": "002",
						"ttl_approval": "PT2H",
						"ttl_reverseqc": "P3D",
						"image": ""
					}
				}
			]
		}
	}
}