{
	"context": {
		"domain": "nic2004:52110",
		"country": "IND",
		"city": "std:080",
		"action": "on_update",
		"core_version": "1.1.0",
		"bap_id": "buyer-app-preprod.ondc.org",
		"bap_uri": "https://buyer-app-preprod.ondc.org/protocol/v1",
		"bpp_id": "api3.eksecond.in",
		"bpp_uri": "https://api3.eksecond.in/ondc",
		"transaction_id": "ea53425b-09b1-4e55-aaaf-a81d62f82fe0",
		"message_id": "d10f92b7-3844-4304-a599-ed5a16943b1f",
		"timestamp": "2023-03-08T14:01:30.797Z"
	},
	"message": {
		"order": {
			"id": "2023-02-08-333413",
			"items": [
				{
					"id": "63db97929cc68fbae328fa65",
					"fulfillment_id": "66cb416a-deb9-4094-b35d-e52a85c3848c",
					"quantity": {
						"count": 0
					}
				},
				{
					"id": "6406d8476a4db5be4982126b",
					"fulfillment_id": "66cb416a-deb9-4094-b35d-e52a85c3848c",
					"quantity": {
						"count": 1
					}
				},
				{
					"id": "63db97929cc68fbae328fa65",
					"quantity": {
						"count": 1
					},
					"tags": {
						"update_type": "return",
						"reason_code": "002",
						"Ttl_approval": "PT2H",
						"ttl_reverseqc": "P3D",
						"image": "",
						"status": "Return_Rejected"
					}
				}
			],
			"quote": {
				"price": {
					"currency": "INR",
					"value": "811.58"
				},
				"breakup": [
					{
						"title": "Imperial Special Mutton Biryani",
						"@ondc/org/item_id": "63db97929cc68fbae328fa65",
						"@ondc/org/title_type": "item",
						"price": {
							"currency": "INR",
							"value": "439.00"
						},
						"@ondc/org/item_quantity": {
							"count": 1
						},
						"item": {
							"quantity": {
								"available": {
									"count": "100"
								},
								"maximum": {
									"count": "100"
								}
							},
							"price": {
								"currency": "INR",
								"value": "439"
							}
						}
					},
					{
						"title": "Imperial Special Chicken Biryani",
						"@ondc/org/item_id": "6406d8476a4db5be4982126b",
						"@ondc/org/title_type": "item",
						"price": {
							"currency": "INR",
							"value": "250.00"
						},
						"@ondc/org/item_quantity": {
							"count": 1
						},
						"item": {
							"quantity": {
								"available": {
									"count": "100"
								},
								"maximum": {
									"count": "100"
								}
							},
							"price": {
								"currency": "INR",
								"value": "250"
							}
						}
					},
					{
						"title": "Packing charges",
						"@ondc/org/item_id": "66cb416a-deb9-4094-b35d-e52a85c3848c",
						"@ondc/org/title_type": "packing",
						"price": {
							"currency": "INR",
							"value": "2.5"
						}
					},
					{
						"title": "Tax",
						"@ondc/org/item_id": "63db97929cc68fbae328fa65",
						"@ondc/org/title_type": "tax",
						"price": {
							"currency": "INR",
							"value": "22.39"
						}
					},
					{
						"title": "Tax",
						"@ondc/org/item_id": "6406d8476a4db5be4982126b",
						"@ondc/org/title_type": "tax",
						"price": {
							"currency": "INR",
							"value": "12.75"
						}
					},
					{
						"title": "Delivery charges",
						"@ondc/org/item_id": "66cb416a-deb9-4094-b35d-e52a85c3848c",
						"@ondc/org/title_type": "delivery",
						"price": {
							"currency": "INR",
							"value": "39"
						}
					},
					{
						"title": "Convenience Fee",
						"@ondc/org/item_id": "66cb416a-deb9-4094-b35d-e52a85c3848c",
						"@ondc/org/title_type": "misc",
						"price": {
							"currency": "INR",
							"value": "45.94"
						}
					}
				],
				"ttl": "PT10M"
			},
			"state": "Completed"
		}
	}
}