{
	"context": {
		"domain": "nic2004:52110",
		"country": "IND",
		"city": "std:080",
		"action": "status",
		"core_version": "1.1.0",
		"bap_id": "buyer-app-preprod.ondc.org",
		"bap_uri": "https://buyer-app-preprod.ondc.org/protocol/v1",
		"bpp_uri": "https://api3.eksecond.in/ondc",
		"transaction_id": "ea53425b-09b1-4e55-aaaf-a81d62f82fe0",
		"message_id": "ef5ae8de-1f4c-421e-96bf-54d442695611",
		"timestamp": "2023-03-09T10:16:20.020Z",
		"bpp_id": "api3.eksecond.in",
		"ttl": "PT30S"
	},
	"message": {
		"order_id": "2023-02-08-333413"
	}
}