{
	"context": {
		"domain": "nic2004:52110",
		"country": "IND",
		"city": "std:080",
		"action": "select",
		"core_version": "1.1.0",
		"bap_id": "buyer-app-preprod.ondc.org",
		"bap_uri": "https://buyer-app-preprod.ondc.org/protocol/v1",
		"bpp_uri": "https://api3.eksecond.in/ondc",
		"transaction_id": "ea53425b-09b1-4e55-aaaf-a81d62f82fe0",
		"message_id": "2c596128-ecc8-4f23-9ada-acae4626a987",
		"timestamp": "2023-03-08T14:00:27.067Z",
		"bpp_id": "api3.eksecond.in",
		"ttl": "PT30S"
	},
	"message": {
		"order": {
			"items": [
				{
					"id": "63db97929cc68fbae328fa65",
					"quantity": {
						"count": 1
					},
					"location_id": "632839af4bea4df42dfe336b"
				},
				{
					"id": "6406d8476a4db5be4982126b",
					"quantity": {
						"count": 1
					},
					"location_id": "632839af4bea4df42dfe336b"
				}
			],
			"provider": {
				"id": "632839af4bea4df42dfe336b",
				"locations": [
					{
						"id": "632839af4bea4df42dfe336b"
					}
				]
			},
			"fulfillments": [
				{
					"end": {
						"location": {
							"gps": "12.9134750000001, 77.6783750000001",
							"address": {
								"area_code": "560035"
							}
						}
					}
				}
			]
		}
	}
}