{
	"context": {
		"domain": "nic2004:52110",
		"country": "IND",
		"city": "std:080",
		"action": "init",
		"core_version": "1.1.0",
		"bap_id": "buyer-app-preprod.ondc.org",
		"bap_uri": "https://buyer-app-preprod.ondc.org/protocol/v1",
		"bpp_uri": "https://api3.eksecond.in/ondc",
		"transaction_id": "ea53425b-09b1-4e55-aaaf-a81d62f82fe0",
		"message_id": "c2c15895-8729-4d18-8824-9c674eeff6b5",
		"timestamp": "2023-03-08T14:00:40.578Z",
		"bpp_id": "api3.eksecond.in",
		"ttl": "PT30S"
	},
	"message": {
		"order": {
			"provider": {
				"id": "632839af4bea4df42dfe336b",
				"locations": [
					{
						"id": "632839af4bea4df42dfe336b"
					}
				]
			},
			"items": [
				{
					"id": "63db97929cc68fbae328fa65",
					"quantity": {
						"count": 1
					},
					"fulfillment_id": "66cb416a-deb9-4094-b35d-e52a85c3848c"
				},
				{
					"id": "6406d8476a4db5be4982126b",
					"quantity": {
						"count": 1
					},
					"fulfillment_id": "66cb416a-deb9-4094-b35d-e52a85c3848c"
				}
			],
			"billing": {
				"address": {
					"building": "Ambalipura- sarjapur Rd",
					"city": "Bengaluru",
					"state": "Karnataka",
					"country": "IND",
					"area_code": "560035",
					"locality": "3rd Floor, Gold Sand",
					"name": "Abdul Aziz"
				},
				"phone": "9000912423",
				"name": "Abdul Aziz",
				"email": "syedabdul12696@gmail.com",
				"created_at": "2023-03-08T14:00:40.578Z",
				"updated_at": "2023-03-08T14:00:40.578Z"
			},
			"fulfillments": [
				{
					"id": "66cb416a-deb9-4094-b35d-e52a85c3848c",
					"type": "Delivery",
					"tracking": false,
					"end": {
						"contact": {
							"email": "syedabdul12696@gmail.com",
							"phone": "9000912423"
						},
						"location": {
							"gps": "12.9075050000001, 77.695502",
							"address": {
								"building": "Ambalipura- sarjapur Rd",
								"city": "Bengaluru",
								"state": "Karnataka",
								"country": "IND",
								"area_code": "560035",
								"locality": "3rd Floor, Gold Sand",
								"name": "Abdul Aziz"
							}
						}
					}
				}
			]
		}
	}
}