{
	"context": {
		"domain": "nic2004:52110",
		"country": "IND",
		"city": "std:080",
		"action": "on_confirm",
		"core_version": "1.1.0",
		"bap_id": "buyer-app-preprod.ondc.org",
		"bap_uri": "https://buyer-app-preprod.ondc.org/protocol/v1",
		"bpp_id": "api3.eksecond.in",
		"bpp_uri": "https://api3.eksecond.in/ondc",
		"transaction_id": "ea53425b-09b1-4e55-aaaf-a81d62f82fe0",
		"message_id": "d10f92b7-3844-4304-a599-ed5a16943b1f",
		"timestamp": "2023-03-08T14:01:30.797Z"
	},
	"message": {
		"order": {
			"id": "2023-02-08-333413",
			"created_at": "2023-03-08T14:01:20.367Z",
			"updated_at": "2023-03-08T14:01:20.367Z",
			"items": [
				{
					"id": "63db97929cc68fbae328fa65",
					"fulfillment_id": "66cb416a-deb9-4094-b35d-e52a85c3848c",
					"quantity": {
						"count": 1
					}
				},
				{
					"id": "6406d8476a4db5be4982126b",
					"fulfillment_id": "66cb416a-deb9-4094-b35d-e52a85c3848c",
					"quantity": {
						"count": 1
					}
				}
			],
			"provider": {
				"id": "632839af4bea4df42dfe336b",
				"locations": [
					{
						"id": "632839af4bea4df42dfe336b"
					}
				],
				"rateable": true
			},
			"fulfillments": [
				{
					"id": "66cb416a-deb9-4094-b35d-e52a85c3848c",
					"type": "Delivery",
					"@ondc/org/provider_name": "LoadShare Networks",
					"state": {
						"descriptor": {
							"code": "Pending"
						}
					},
					"tracking": false,
					"start": {
						"location": {
							"id": "632839af4bea4df42dfe336b",
							"descriptor": {
								"name": "Rumaan"
							},
							"gps": "12.913371523733359,77.68308302883554"
						},
						"time": {
							"range": {
								"start": "2023-03-08T14:16:30.000Z",
								"end": "2023-03-08T14:26:30.000Z"
							}
						},
						"instructions": {
							"short_desc": "Pickup code is TDGM",
							"long_desc": "Ensure to display pickup code on counter before pickup"
						},
						"contact": {
							"phone": "9000912423",
							"email": "mohd@gmail.com"
						}
					},
					"end": {
						"location": {
							"gps": "12.913371523733359,77.68308302883554",
							"address": {
								"name": "Rumaan",
								"building": "1",
								"locality": "Doddakannelli",
								"city": "Bengaluru",
								"state": "Karnataka",
								"country": "IND",
								"area_code": "560035"
							}
						},
						"time": {
							"range": {
								"start": "2023-03-08T14:46:30.000Z",
								"end": "2023-03-08T15:01:30.000Z"
							}
						},
						"instructions": {
							"short_desc": "Drop off code is Z0VC",
							"long_desc": "Ensure to display pickup code on counter before pickup"
						},
						"contact": {
							"phone": "9000912423"
						}
					},
					"rateable": true
				}
			],
			"quote": {
				"price": {
					"currency": "INR",
					"value": "811.58"
				},
				"breakup": [
					{
						"title": "Imperial Special Mutton Biryani",
						"@ondc/org/item_id": "63db97929cc68fbae328fa65",
						"@ondc/org/title_type": "item",
						"price": {
							"currency": "INR",
							"value": "439.00"
						},
						"@ondc/org/item_quantity": {
							"count": 1
						},
						"item": {
							"price": {
								"currency": "INR",
								"value": "439"
							}
						}
					},
					{
						"title": "Imperial Special Chicken Biryani",
						"@ondc/org/item_id": "6406d8476a4db5be4982126b",
						"@ondc/org/title_type": "item",
						"price": {
							"currency": "INR",
							"value": "250.00"
						},
						"@ondc/org/item_quantity": {
							"count": 1
						},
						"item": {
							"price": {
								"currency": "INR",
								"value": "250"
							}
						}
					},
					{
						"title": "Packing charges",
						"@ondc/org/item_id": "66cb416a-deb9-4094-b35d-e52a85c3848c",
						"@ondc/org/title_type": "packing",
						"price": {
							"currency": "INR",
							"value": "2.5"
						}
					},
					{
						"title": "Tax",
						"@ondc/org/item_id": "63db97929cc68fbae328fa65",
						"@ondc/org/title_type": "tax",
						"price": {
							"currency": "INR",
							"value": "22.39"
						}
					},
					{
						"title": "Tax",
						"@ondc/org/item_id": "6406d8476a4db5be4982126b",
						"@ondc/org/title_type": "tax",
						"price": {
							"currency": "INR",
							"value": "12.75"
						}
					},
					{
						"title": "Delivery charges",
						"@ondc/org/item_id": "66cb416a-deb9-4094-b35d-e52a85c3848c",
						"@ondc/org/title_type": "delivery",
						"price": {
							"currency": "INR",
							"value": "39"
						}
					},
					{
						"title": "Convenience Fee",
						"@ondc/org/item_id": "66cb416a-deb9-4094-b35d-e52a85c3848c",
						"@ondc/org/title_type": "misc",
						"price": {
							"currency": "INR",
							"value": "45.94"
						}
					}
				],
				"ttl": "PT10M"
			},
			"payment": {
				"uri": "https://juspay.in/",
				"tl_method": "http/get",
				"params": {
					"transaction_id": "ONDC-ea53425b-09b1-4e55-aaaf-a81d62f82fe0-1",
					"amount": "811.58",
					"currency": "INR"
				},
				"type": "ON-ORDER",
				"status": "PAID",
				"collected_by": "BAP",
				"@ondc/org/buyer_app_finder_fee_type": "percent",
				"@ondc/org/buyer_app_finder_fee_amount": "3.0",
				"@ondc/org/settlement_details": [
					{
						"settlement_counterparty": "seller-app",
						"settlement_phase": "sale-amount",
						"settlement_type": "neft",
						"settlement_bank_account_no": "1234512345",
						"settlement_ifsc_code": "15488ADEDD",
						"beneficiary_name": "Najeeb",
						"bank_name": "test",
						"branch_name": "test"
					}
				]
			},
			"billing": {
				"name": "Abdul Aziz",
				"email": "syedabdul12696@gmail.com",
				"phone": "9000912423",
				"created_at": "2023-03-08T14:00:40.578Z",
				"updated_at": "2023-03-08T14:00:40.578Z",
				"address": {
					"name": "Abdul Aziz",
					"building": "Ambalipura- sarjapur Rd",
					"locality": "3rd Floor, Gold Sand",
					"city": "Bengaluru",
					"state": "Karnataka",
					"country": "IND",
					"area_code": "560035"
				}
			},
			"state": "Accepted"
		}
	}
}