{
	"context": {
		"domain": "nic2004:52110",
		"country": "IND",
		"city": "std:080",
		"action": "on_update",
		"core_version": "1.1.0",
		"bap_id": "buyer-app-preprod.ondc.org",
		"bap_uri": "https://buyer-app-preprod.ondc.org/protocol/v1",
		"bpp_id": "api3.eksecond.in",
		"bpp_uri": "https://api3.eksecond.in/ondc",
		"transaction_id": "be9629f6-5d6f-4af9-825e-13bf6ea4b242",
		"message_id": "be6bcbaf-60c2-4e51-9e05-9f8dafb741ce",
		"timestamp": "2023-03-13T14:55:21.440Z"
	},
	"message": {
		"order": {
			"id": "2023-03-13-893129",
			"items": [
				{
					"id": "63db97929cc68fbae328fa65",
					"fulfillment_id": "63757097-6aab-439a-ba43-9130c618e348",
					"quantity": {
						"count": 1
					}
				},
				{
					"id": "640843cb6a4db5be49821329",
					"fulfillment_id": "63757097-6aab-439a-ba43-9130c618e348",
					"quantity": {
						"count": 1
					}
				},
				{
					"id": "63db97929cc68fbae328fa65",
					"quantity": {
						"count": 1
					},
					"tags": {
						"status": "Return_Rejected"
					}
				}
			],
			"quote": {
				"price": {
					"currency": "INR",
					"value": "889.56"
				},
				"breakup": [
					{
						"title": "Imperial Special Mutton Biryani",
						"@ondc/org/item_id": "63db97929cc68fbae328fa65",
						"@ondc/org/title_type": "item",
						"price": {
							"currency": "INR",
							"value": "439.00"
						},
						"@ondc/org/item_quantity": {
							"count": 1
						},
						"item": {
							"quantity": {
								"available": {
									"count": "1"
								},
								"maximum": {
									"count": "1"
								}
							},
							"price": {
								"currency": "INR",
								"value": "439"
							}
						}
					},
					{
						"title": "Mutton Biryani Plate",
						"@ondc/org/item_id": "640843cb6a4db5be49821329",
						"@ondc/org/title_type": "item",
						"price": {
							"currency": "INR",
							"value": "320.00"
						},
						"@ondc/org/item_quantity": {
							"count": 1
						},
						"item": {
							"quantity": {
								"available": {
									"count": "1"
								},
								"maximum": {
									"count": "1"
								}
							},
							"price": {
								"currency": "INR",
								"value": "320"
							}
						}
					},
					{
						"title": "Packing charges",
						"@ondc/org/item_id": "63757097-6aab-439a-ba43-9130c618e348",
						"@ondc/org/title_type": "packing",
						"price": {
							"currency": "INR",
							"value": "2.5"
						}
					},
					{
						"title": "Tax",
						"@ondc/org/item_id": "63db97929cc68fbae328fa65",
						"@ondc/org/title_type": "tax",
						"price": {
							"currency": "INR",
							"value": "22.39"
						}
					},
					{
						"title": "Tax",
						"@ondc/org/item_id": "640843cb6a4db5be49821329",
						"@ondc/org/title_type": "tax",
						"price": {
							"currency": "INR",
							"value": "16.32"
						}
					},
					{
						"title": "Delivery charges",
						"@ondc/org/item_id": "63757097-6aab-439a-ba43-9130c618e348",
						"@ondc/org/title_type": "delivery",
						"price": {
							"currency": "INR",
							"value": "39"
						}
					},
					{
						"title": "Convenience Fee",
						"@ondc/org/item_id": "63757097-6aab-439a-ba43-9130c618e348",
						"@ondc/org/title_type": "misc",
						"price": {
							"currency": "INR",
							"value": "50.35"
						}
					}
				],
				"ttl": "PT10M"
			},
			"state": "Completed"
		}
	}
}