{
	"context": {
		"domain": "nic2004:52110",
		"country": "IND",
		"city": "std:080",
		"action": "search",
		"core_version": "1.1.0",
		"bap_id": "buyer-app-preprod.ondc.org",
		"bap_uri": "https://buyer-app-preprod.ondc.org/protocol/v1",
		"transaction_id": "ba4dd610-8d4f-4056-9cd2-5b0cfce87e0b",
		"message_id": "cf22418f-f256-4630-9cbe-60ef57d47da0",
		"timestamp": "2023-03-10T05:41:50.214Z",
		"ttl": "PT30S"
	},
	"message": {
		"intent": {
			"item": {
				"descriptor": {
					"name": "mutton biryani"
				}
			},
			"fulfillment": {
				"type": "Delivery",
				"end": {
					"location": {
						"gps": "12.9134750000001,77.6783750000001"
					}
				}
			},
			"payment": {
				"@ondc/org/buyer_app_finder_fee_type": "percent",
				"@ondc/org/buyer_app_finder_fee_amount": "3.0"
			}
		}
	}
}