{
	"context": {
		"domain": "nic2004:52110",
		"country": "IND",
		"city": "std:080",
		"action": "status",
		"core_version": "1.1.0",
		"bap_id": "buyer-app-preprod.ondc.org",
		"bap_uri": "https://buyer-app-preprod.ondc.org/protocol/v1",
		"bpp_uri": "https://api3.eksecond.in/ondc",
		"transaction_id": "45f436a1-5f77-41d8-98be-9da5cfc7038c",
		"message_id": "f78493e7-cce3-4dbf-9b57-7fd6ee0089b4",
		"timestamp": "2023-03-13T14:08:08.529Z",
		"bpp_id": "api3.eksecond.in",
		"ttl": "PT30S"
	},
	"message": {
		"order_id": "2023-03-13-330962"
	}
}