{
	"context": {
		"domain": "nic2004:52110",
		"country": "IND",
		"city": "std:080",
		"action": "on_status",
		"core_version": "1.1.0",
		"bap_id": "buyer-app-preprod.ondc.org",
		"bap_uri": "https://buyer-app-preprod.ondc.org/protocol/v1",
		"bpp_id": "api3.eksecond.in",
		"bpp_uri": "https://api3.eksecond.in/ondc",
		"transaction_id": "45f436a1-5f77-41d8-98be-9da5cfc7038c",
		"message_id": "2bc36a72-874c-4491-95e9-ac48060b1185",
		"timestamp": "2023-03-13T14:13:19.917Z"
	},
	"message": {
		"order": {
			"id": "2023-03-13-330962",
			"created_at": "2023-03-13T14:07:22.010Z",
			"updated_at": "2023-03-13T14:07:22.010Z",
			"items": [
				{
					"id": "63db97929cc68fbae328fa65",
					"fulfillment_id": "6cf86a45-c036-447d-8066-ed974da68205",
					"quantity": {
						"count": 2
					}
				},
				{
					"id": "640843cb6a4db5be49821329",
					"fulfillment_id": "6cf86a45-c036-447d-8066-ed974da68205",
					"quantity": {
						"count": 1
					}
				}
			],
			"provider": {
				"id": "632839af4bea4df42dfe336b",
				"locations": [
					{
						"id": "632839af4bea4df42dfe336b"
					}
				]
			},
			"fulfillments": [
				{
					"id": "6cf86a45-c036-447d-8066-ed974da68205",
					"type": "Delivery",
					"@ondc/org/provider_name": "LoadShare Networks",
					"state": {
						"descriptor": {
							"code": "Order-picked-up"
						}
					},
					"tracking": false,
					"agent": {
						"name": "elumal",
						"phone": "8618529050"
					},
					"start": {
						"location": {
							"descriptor": {
								"name": "Rumaan"
							},
							"gps": "12.913371523733359,77.68308302883554"
						},
						"time": {
							"timestamp": "2023-03-13T14:13:19.869Z",
							"range": {
								"start": "2023-03-13T14:22:24.000Z",
								"end": "2023-03-13T14:32:24.000Z"
							}
						},
						"contact": {
							"phone": "9000912423",
							"email": "mohd@gmail.com"
						}
					},
					"end": {
						"location": {
							"gps": "12.913371523733359,77.68308302883554",
							"address": {
								"name": "Rumaan",
								"building": "1",
								"locality": "Doddakannelli",
								"city": "Bengaluru",
								"state": "Karnataka",
								"country": "IND",
								"area_code": "560035"
							}
						},
						"time": {
							"range": {
								"start": "2023-03-13T14:52:24.000Z",
								"end": "2023-03-13T15:07:24.000Z"
							}
						},
						"contact": {
							"phone": "9000912423",
							"email": "syedabdul12696@gmail.com"
						}
					}
				}
			],
			"quote": {
				"price": {
					"currency": "INR",
					"value": "1354.90"
				},
				"breakup": [
					{
						"title": "Imperial Special Mutton Biryani",
						"@ondc/org/item_id": "63db97929cc68fbae328fa65",
						"@ondc/org/title_type": "item",
						"price": {
							"currency": "INR",
							"value": "878.00"
						},
						"@ondc/org/item_quantity": {
							"count": 2
						},
						"item": {
							"quantity": {
								"available": {
									"count": "2"
								},
								"maximum": {
									"count": "2"
								}
							},
							"price": {
								"currency": "INR",
								"value": "439"
							}
						}
					},
					{
						"title": "Mutton Biryani Plate",
						"@ondc/org/item_id": "640843cb6a4db5be49821329",
						"@ondc/org/title_type": "item",
						"price": {
							"currency": "INR",
							"value": "320.00"
						},
						"@ondc/org/item_quantity": {
							"count": 1
						},
						"item": {
							"quantity": {
								"available": {
									"count": "1"
								},
								"maximum": {
									"count": "1"
								}
							},
							"price": {
								"currency": "INR",
								"value": "320"
							}
						}
					},
					{
						"title": "Packing charges",
						"@ondc/org/item_id": "6cf86a45-c036-447d-8066-ed974da68205",
						"@ondc/org/title_type": "packing",
						"price": {
							"currency": "INR",
							"value": "2.5"
						}
					},
					{
						"title": "Tax",
						"@ondc/org/item_id": "63db97929cc68fbae328fa65",
						"@ondc/org/title_type": "tax",
						"price": {
							"currency": "INR",
							"value": "22.39"
						}
					},
					{
						"title": "Tax",
						"@ondc/org/item_id": "640843cb6a4db5be49821329",
						"@ondc/org/title_type": "tax",
						"price": {
							"currency": "INR",
							"value": "16.32"
						}
					},
					{
						"title": "Delivery charges",
						"@ondc/org/item_id": "6cf86a45-c036-447d-8066-ed974da68205",
						"@ondc/org/title_type": "delivery",
						"price": {
							"currency": "INR",
							"value": "39"
						}
					},
					{
						"title": "Convenience Fee",
						"@ondc/org/item_id": "6cf86a45-c036-447d-8066-ed974da68205",
						"@ondc/org/title_type": "misc",
						"price": {
							"currency": "INR",
							"value": "76.69"
						}
					}
				],
				"ttl": "PT10M"
			},
			"payment": {
				"uri": "https://juspay.in/",
				"tl_method": "http/get",
				"params": {
					"transaction_id": "ONDC-45f436a1-5f77-41d8-98be-9da5cfc7038c-1",
					"amount": "1354.9",
					"currency": "INR"
				},
				"type": "ON-ORDER",
				"status": "PAID",
				"collected_by": "BAP",
				"@ondc/org/buyer_app_finder_fee_type": "percent",
				"@ondc/org/buyer_app_finder_fee_amount": "3.0",
				"@ondc/org/settlement_details": [
					{
						"settlement_counterparty": "seller-app",
						"settlement_phase": "sale-amount",
						"settlement_type": "neft",
						"settlement_bank_account_no": "1234512345",
						"settlement_ifsc_code": "15488ADEDD",
						"beneficiary_name": "Najeeb",
						"bank_name": "test",
						"branch_name": "test"
					}
				]
			},
			"billing": {
				"name": "Abdul Aziz",
				"email": "syedabdul12696@gmail.com",
				"phone": "9000912423",
				"created_at": "2023-03-13T14:06:58.233Z",
				"updated_at": "2023-03-13T14:06:58.233Z",
				"address": {
					"name": "Abdul Aziz",
					"building": "Ambalipura- sarjapur Rd",
					"locality": "3rd Floor, Gold Sand",
					"city": "Bengaluru",
					"state": "Karnataka",
					"country": "IND",
					"area_code": "560035"
				}
			},
			"state": "In-progress"
		}
	}
}