{
	"context": {
		"domain": "nic2004:52110",
		"country": "IND",
		"city": "std:080",
		"action": "update",
		"core_version": "1.1.0",
		"bap_id": "buyer-app-preprod.ondc.org",
		"bap_uri": "https://buyer-app-preprod.ondc.org/protocol/v1",
		"bpp_uri": "https://api3.eksecond.in/ondc",
		"transaction_id": "ba4dd610-8d4f-4056-9cd2-5b0cfce87e0b",
		"message_id": "3b01cc39-e977-41c2-b1cf-a7e62f70596e",
		"timestamp": "2023-03-10T05:54:40.543Z",
		"bpp_id": "api3.eksecond.in",
		"ttl": "PT30S"
	},
	"message": {
		"update_target": "item",
		"order": {
			"id": "2023-02-10-369527",
			"state": "Completed",
			"provider": {
				"id": "632839af4bea4df42dfe336b"
			},
			"items": [
				{
					"id": "63db97929cc68fbae328fa65",
					"quantity": {
						"count": 3
					},
					"tags": {
						"update_type": "return",
						"reason_code": "003",
						"ttl_approval": "PT2H",
						"ttl_reverseqc": "P3D",
						"image": ""
					}
				}
			]
		}
	}
}