{
	"context": {
		"domain": "nic2004:52110",
		"country": "IND",
		"city": "std:080",
		"action": "update",
		"core_version": "1.1.0",
		"bap_id": "buyer-app-preprod.ondc.org",
		"bap_uri": "https://buyer-app-preprod.ondc.org/protocol/v1",
		"bpp_uri": "https://api3.eksecond.in/ondc",
		"transaction_id": "45f436a1-5f77-41d8-98be-9da5cfc7038c",
		"message_id": "e6b3bf04-d42e-4bf0-9cb2-24a69e52f414",
		"timestamp": "2023-03-13T14:15:23.704Z",
		"bpp_id": "api3.eksecond.in",
		"ttl": "PT30S"
	},
	"message": {
		"update_target": "item",
		"order": {
			"id": "2023-03-13-330962",
			"state": "Completed",
			"provider": {
				"id": "632839af4bea4df42dfe336b"
			},
			"items": [
				{
					"id": "63db97929cc68fbae328fa65",
					"quantity": {
						"count": 2
					},
					"tags": {
						"update_type": "return",
						"reason_code": "002",
						"ttl_approval": "PT2H",
						"ttl_reverseqc": "P3D",
						"image": ""
					}
				}
			]
		}
	}
}