{
	"context": {
		"domain": "nic2004:52110",
		"country": "IND",
		"city": "std:080",
		"action": "on_update",
		"core_version": "1.1.0",
		"bap_id": "buyer-app-preprod.ondc.org",
		"bap_uri": "https://buyer-app-preprod.ondc.org/protocol/v1",
		"bpp_id": "api3.eksecond.in",
		"bpp_uri": "https://api3.eksecond.in/ondc",
		"transaction_id": "45f436a1-5f77-41d8-98be-9da5cfc7038c",
		"message_id": "e6b3bf04-d42e-4bf0-9cb2-24a69e52f414",
		"timestamp": "2023-03-13T14:25:12.403Z"
	},
	"message": {
		"order": {
			"id": "2023-03-13-330962",
			"items": [
				{
					"id": "63db97929cc68fbae328fa65",
					"fulfillment_id": "6cf86a45-c036-447d-8066-ed974da68205",
					"quantity": {
						"count": 0
					}
				},
				{
					"id": "640843cb6a4db5be49821329",
					"fulfillment_id": "6cf86a45-c036-447d-8066-ed974da68205",
					"quantity": {
						"count": 1
					}
				},
				{
					"id": "63db97929cc68fbae328fa65",
					"quantity": {
						"count": 2
					},
					"tags": {
						"status": "Liquidated"
					}
				}
			],
			"quote": {
				"price": {
					"currency": "INR",
					"value": "454.51"
				},
				"breakup": [
					{
						"title": "Imperial Special Mutton Biryani",
						"@ondc/org/item_id": "63db97929cc68fbae328fa65",
						"@ondc/org/title_type": "item",
						"price": {
							"currency": "INR",
							"value": "0.00"
						},
						"@ondc/org/item_quantity": {
							"count": 0
						},
						"item": {
							"quantity": {
								"available": {
									"count": "2"
								},
								"maximum": {
									"count": "2"
								}
							},
							"price": {
								"currency": "INR",
								"value": "439"
							}
						}
					},
					{
						"title": "Mutton Biryani Plate",
						"@ondc/org/item_id": "640843cb6a4db5be49821329",
						"@ondc/org/title_type": "item",
						"price": {
							"currency": "INR",
							"value": "320.00"
						},
						"@ondc/org/item_quantity": {
							"count": 1
						},
						"item": {
							"quantity": {
								"available": {
									"count": "1"
								},
								"maximum": {
									"count": "1"
								}
							},
							"price": {
								"currency": "INR",
								"value": "320"
							}
						}
					},
					{
						"title": "Packing charges",
						"@ondc/org/item_id": "6cf86a45-c036-447d-8066-ed974da68205",
						"@ondc/org/title_type": "packing",
						"price": {
							"currency": "INR",
							"value": "2.5"
						}
					},
					{
						"title": "Tax",
						"@ondc/org/item_id": "63db97929cc68fbae328fa65",
						"@ondc/org/title_type": "tax",
						"price": {
							"currency": "INR",
							"value": "0"
						}
					},
					{
						"title": "Tax",
						"@ondc/org/item_id": "640843cb6a4db5be49821329",
						"@ondc/org/title_type": "tax",
						"price": {
							"currency": "INR",
							"value": "16.32"
						}
					},
					{
						"title": "Delivery charges",
						"@ondc/org/item_id": "6cf86a45-c036-447d-8066-ed974da68205",
						"@ondc/org/title_type": "delivery",
						"price": {
							"currency": "INR",
							"value": "39"
						}
					},
					{
						"title": "Convenience Fee",
						"@ondc/org/item_id": "6cf86a45-c036-447d-8066-ed974da68205",
						"@ondc/org/title_type": "misc",
						"price": {
							"currency": "INR",
							"value": "76.69"
						}
					}
				],
				"ttl": "PT10M"
			},
			"state": "Completed"
		}
	}
}