{
	"context": {
		"domain": "nic2004:52110",
		"country": "IND",
		"city": "std:080",
		"action": "select",
		"core_version": "1.1.0",
		"bap_id": "buyer-app-preprod.ondc.org",
		"bap_uri": "https://buyer-app-preprod.ondc.org/protocol/v1",
		"bpp_uri": "https://api3.eksecond.in/ondc",
		"transaction_id": "ba4dd610-8d4f-4056-9cd2-5b0cfce87e0b",
		"message_id": "11dd847f-8cac-475e-af28-a6f5f5ad0e20",
		"timestamp": "2023-03-10T05:43:37.793Z",
		"bpp_id": "api3.eksecond.in",
		"ttl": "PT30S"
	},
	"message": {
		"order": {
			"items": [
				{
					"id": "63db97929cc68fbae328fa65",
					"quantity": {
						"count": 3
					},
					"location_id": "632839af4bea4df42dfe336b"
				},
				{
					"id": "6406d8476a4db5be4982126b",
					"quantity": {
						"count": 2
					},
					"location_id": "632839af4bea4df42dfe336b"
				}
			],
			"provider": {
				"id": "632839af4bea4df42dfe336b",
				"locations": [
					{
						"id": "632839af4bea4df42dfe336b"
					}
				]
			},
			"fulfillments": [
				{
					"end": {
						"location": {
							"gps": "12.9134750000001, 77.6783750000001",
							"address": {
								"area_code": "560035"
							}
						}
					}
				}
			]
		}
	}
}