{
	"context": {
		"domain": "nic2004:52110",
		"country": "IND",
		"city": "std:080",
		"action": "on_select",
		"core_version": "1.1.0",
		"bap_id": "buyer-app-preprod.ondc.org",
		"bap_uri": "https://buyer-app-preprod.ondc.org/protocol/v1",
		"bpp_id": "api3.eksecond.in",
		"bpp_uri": "https://api3.eksecond.in/ondc",
		"transaction_id": "ba4dd610-8d4f-4056-9cd2-5b0cfce87e0b",
		"message_id": "11dd847f-8cac-475e-af28-a6f5f5ad0e20",
		"timestamp": "2023-03-10T05:43:48.761Z"
	},
	"message": {
		"order": {
			"items": [
				{
					"id": "63db97929cc68fbae328fa65",
					"fulfillment_id": "0babfb41-3e16-482b-ab9d-ad40fa79cc4a"
				},
				{
					"id": "6406d8476a4db5be4982126b",
					"fulfillment_id": "0babfb41-3e16-482b-ab9d-ad40fa79cc4a"
				}
			],
			"provider": {
				"id": "632839af4bea4df42dfe336b"
			},
			"fulfillments": [
				{
					"id": "0babfb41-3e16-482b-ab9d-ad40fa79cc4a",
					"@ondc/org/category": "Immediate Delivery",
					"@ondc/org/TAT": "PT1H45M",
					"@ondc/org/provider_name": "LoadShare Networks",
					"state": {
						"descriptor": {
							"code": "Serviceable"
						}
					},
					"tracking": false
				}
			],
			"quote": {
				"price": {
					"currency": "INR",
					"value": "2007.26"
				},
				"breakup": [
					{
						"title": "Imperial Special Mutton Biryani",
						"@ondc/org/item_id": "63db97929cc68fbae328fa65",
						"@ondc/org/title_type": "item",
						"price": {
							"currency": "INR",
							"value": "1317.00"
						},
						"@ondc/org/item_quantity": {
							"count": 3
						},
						"item": {
							"quantity": {
								"available": {
									"count": "3"
								},
								"maximum": {
									"count": "3"
								}
							},
							"price": {
								"currency": "INR",
								"value": "439"
							}
						}
					},
					{
						"title": "Imperial Special Chicken Biryani",
						"@ondc/org/item_id": "6406d8476a4db5be4982126b",
						"@ondc/org/title_type": "item",
						"price": {
							"currency": "INR",
							"value": "500.00"
						},
						"@ondc/org/item_quantity": {
							"count": 2
						},
						"item": {
							"quantity": {
								"available": {
									"count": "2"
								},
								"maximum": {
									"count": "2"
								}
							},
							"price": {
								"currency": "INR",
								"value": "250"
							}
						}
					},
					{
						"title": "Packing charges",
						"@ondc/org/item_id": "0babfb41-3e16-482b-ab9d-ad40fa79cc4a",
						"@ondc/org/title_type": "packing",
						"price": {
							"currency": "INR",
							"value": "2.5"
						}
					},
					{
						"title": "Tax",
						"@ondc/org/item_id": "63db97929cc68fbae328fa65",
						"@ondc/org/title_type": "tax",
						"price": {
							"currency": "INR",
							"value": "22.39"
						}
					},
					{
						"title": "Tax",
						"@ondc/org/item_id": "6406d8476a4db5be4982126b",
						"@ondc/org/title_type": "tax",
						"price": {
							"currency": "INR",
							"value": "12.75"
						}
					},
					{
						"title": "Delivery charges",
						"@ondc/org/item_id": "0babfb41-3e16-482b-ab9d-ad40fa79cc4a",
						"@ondc/org/title_type": "delivery",
						"price": {
							"currency": "INR",
							"value": "39"
						}
					},
					{
						"title": "Convenience Fee",
						"@ondc/org/item_id": "0babfb41-3e16-482b-ab9d-ad40fa79cc4a",
						"@ondc/org/title_type": "misc",
						"price": {
							"currency": "INR",
							"value": "113.62"
						}
					}
				],
				"ttl": "PT10M"
			}
		}
	},
	"error": {
		"type": "DOMAIN-ERROR",
		"code": "40002"
	}
}