{
	"context": {
		"domain": "nic2004:52110",
		"country": "IND",
		"city": "std:080",
		"action": "on_init",
		"core_version": "1.1.0",
		"bap_id": "buyer-app-preprod.ondc.org",
		"bap_uri": "https://buyer-app-preprod.ondc.org/protocol/v1",
		"bpp_id": "api3.eksecond.in",
		"bpp_uri": "https://api3.eksecond.in/ondc",
		"transaction_id": "ba4dd610-8d4f-4056-9cd2-5b0cfce87e0b",
		"message_id": "af3a4727-cd7a-49e5-bd30-4bc0c429aba5",
		"timestamp": "2023-03-10T05:48:39.842Z"
	},
	"message": {
		"order": {
			"items": [
				{
					"id": "63db97929cc68fbae328fa65",
					"fulfillment_id": "0babfb41-3e16-482b-ab9d-ad40fa79cc4a",
					"quantity": {
						"count": 3
					}
				},
				{
					"id": "6406d8476a4db5be4982126b",
					"fulfillment_id": "0babfb41-3e16-482b-ab9d-ad40fa79cc4a",
					"quantity": {
						"count": 2
					}
				}
			],
			"provider": {
				"id": "632839af4bea4df42dfe336b"
			},
			"provider_location": {
				"id": "632839af4bea4df42dfe336b"
			},
			"fulfillments": [
				{
					"id": "0babfb41-3e16-482b-ab9d-ad40fa79cc4a",
					"type": "Delivery",
					"tracking": false,
					"end": {
						"location": {
							"gps": "12.913371523733359,77.68308302883554",
							"address": {
								"name": "Rumaan",
								"building": "1",
								"locality": "Doddakannelli",
								"city": "Bengaluru",
								"state": "Karnataka",
								"country": "IND",
								"area_code": "560035"
							}
						},
						"contact": {
							"phone": "9000912423",
							"email": "masterblaster775@gmail.com"
						}
					}
				}
			],
			"quote": {
				"price": {
					"currency": "INR",
					"value": "2007.26"
				},
				"breakup": [
					{
						"title": "Imperial Special Mutton Biryani",
						"@ondc/org/item_id": "63db97929cc68fbae328fa65",
						"@ondc/org/title_type": "item",
						"price": {
							"currency": "INR",
							"value": "1317.00"
						},
						"@ondc/org/item_quantity": {
							"count": 3
						},
						"item": {
							"price": {
								"currency": "INR",
								"value": "439"
							}
						}
					},
					{
						"title": "Imperial Special Chicken Biryani",
						"@ondc/org/item_id": "6406d8476a4db5be4982126b",
						"@ondc/org/title_type": "item",
						"price": {
							"currency": "INR",
							"value": "500.00"
						},
						"@ondc/org/item_quantity": {
							"count": 2
						},
						"item": {
							"price": {
								"currency": "INR",
								"value": "250"
							}
						}
					},
					{
						"title": "Packing charges",
						"@ondc/org/item_id": "0babfb41-3e16-482b-ab9d-ad40fa79cc4a",
						"@ondc/org/title_type": "packing",
						"price": {
							"currency": "INR",
							"value": "2.5"
						}
					},
					{
						"title": "Tax",
						"@ondc/org/item_id": "63db97929cc68fbae328fa65",
						"@ondc/org/title_type": "tax",
						"price": {
							"currency": "INR",
							"value": "22.39"
						}
					},
					{
						"title": "Tax",
						"@ondc/org/item_id": "6406d8476a4db5be4982126b",
						"@ondc/org/title_type": "tax",
						"price": {
							"currency": "INR",
							"value": "12.75"
						}
					},
					{
						"title": "Delivery charges",
						"@ondc/org/item_id": "0babfb41-3e16-482b-ab9d-ad40fa79cc4a",
						"@ondc/org/title_type": "delivery",
						"price": {
							"currency": "INR",
							"value": "39"
						}
					},
					{
						"title": "Convenience Fee",
						"@ondc/org/item_id": "0babfb41-3e16-482b-ab9d-ad40fa79cc4a",
						"@ondc/org/title_type": "misc",
						"price": {
							"currency": "INR",
							"value": "113.62"
						}
					}
				],
				"ttl": "PT10M"
			},
			"payment": {
				"collected_by": "BAP",
				"@ondc/org/buyer_app_finder_fee_type": "Percent",
				"@ondc/org/buyer_app_finder_fee_amount": "3",
				"@ondc/org/settlement_details": [
					{
						"settlement_counterparty": "seller-app",
						"settlement_phase": "sale-amount",
						"settlement_type": "neft",
						"settlement_bank_account_no": "1234512345",
						"settlement_ifsc_code": "15488ADEDD",
						"beneficiary_name": "Najeeb",
						"bank_name": "test",
						"branch_name": "test"
					}
				]
			},
			"billing": {
				"name": "Najeeb",
				"email": "masterblaster775@gmail.com",
				"phone": "9000912423",
				"created_at": "2023-03-10T05:48:24.723Z",
				"updated_at": "2023-03-10T05:48:24.723Z",
				"address": {
					"name": "Najeeb",
					"building": "New Malakpet",
					"locality": "3rd Floor, Gold Sand, Ambalipura - Sarjapur Rd, Doddakannell",
					"city": "Bengaluru",
					"state": "Karnataka",
					"country": "IND",
					"area_code": "560035"
				}
			}
		}
	}
}