{
	"context": {
		"domain": "nic2004:52110",
		"country": "IND",
		"city": "std:080",
		"action": "search",
		"core_version": "1.1.0",
		"bap_id": "buyer-app-preprod.ondc.org",
		"bap_uri": "https://buyer-app-preprod.ondc.org/protocol/v1",
		"transaction_id": "e49d0500-91fd-41b8-9ba9-c80f9623e1ad",
		"message_id": "b32e3efa-b579-4cf5-8501-8bcb11d3ad8b",
		"timestamp": "2023-03-10T07:12:01.834Z",
		"ttl": "PT30S"
	},
	"message": {
		"intent": {
			"item": {
				"descriptor": {
					"name": "chicken biryani"
				}
			},
			"fulfillment": {
				"type": "Delivery",
				"end": {
					"location": {
						"gps": "12.9134750000001,77.6783750000001"
					}
				}
			},
			"payment": {
				"@ondc/org/buyer_app_finder_fee_type": "percent",
				"@ondc/org/buyer_app_finder_fee_amount": "3.0"
			}
		}
	}
}