{
	"context": {
		"domain": "nic2004:52110",
		"country": "IND",
		"city": "std:080",
		"action": "status",
		"core_version": "1.1.0",
		"bap_id": "buyer-app-preprod.ondc.org",
		"bap_uri": "https://buyer-app-preprod.ondc.org/protocol/v1",
		"bpp_uri": "https://api3.eksecond.in/ondc",
		"transaction_id": "e49d0500-91fd-41b8-9ba9-c80f9623e1ad",
		"message_id": "afb696af-5e43-4892-aa65-a07262afd003",
		"timestamp": "2023-03-10T07:23:32.701Z",
		"bpp_id": "api3.eksecond.in",
		"ttl": "PT30S"
	},
	"message": {
		"order_id": "2023-02-10-513748"
	}
}