{
	"context": {
		"domain": "nic2004:52110",
		"country": "IND",
		"city": "std:080",
		"action": "select",
		"core_version": "1.1.0",
		"bap_id": "buyer-app-preprod.ondc.org",
		"bap_uri": "https://buyer-app-preprod.ondc.org/protocol/v1",
		"bpp_uri": "https://api3.eksecond.in/ondc",
		"transaction_id": "e49d0500-91fd-41b8-9ba9-c80f9623e1ad",
		"message_id": "52a0ebb3-bd0a-42df-9e38-3b88e9b24ee3",
		"timestamp": "2023-03-10T07:12:28.647Z",
		"bpp_id": "api3.eksecond.in",
		"ttl": "PT30S"
	},
	"message": {
		"order": {
			"items": [
				{
					"id": "6406d8476a4db5be4982126b",
					"quantity": {
						"count": 1
					},
					"location_id": "632839af4bea4df42dfe336b"
				}
			],
			"provider": {
				"id": "632839af4bea4df42dfe336b",
				"locations": [
					{
						"id": "632839af4bea4df42dfe336b"
					}
				]
			},
			"fulfillments": [
				{
					"end": {
						"location": {
							"gps": "12.9134750000001, 77.6783750000001",
							"address": {
								"area_code": "560035"
							}
						}
					}
				}
			]
		}
	}
}