{
	"context": {
		"domain": "nic2004:52110",
		"country": "IND",
		"city": "std:080",
		"action": "on_cancel",
		"core_version": "1.1.0",
		"bap_id": "buyer-app-preprod.ondc.org",
		"bap_uri": "https://buyer-app-preprod.ondc.org/protocol/v1",
		"bpp_id": "api3.eksecond.in",
		"bpp_uri": "https://api3.eksecond.in/ondc",
		"transaction_id": "e49d0500-91fd-41b8-9ba9-c80f9623e1ad",
		"message_id": "2748754a-b6f2-4813-93cc-fd89f840d84c",
		"timestamp": "2023-03-10T07:13:20.801Z"
	},
	"message": {
		"order": {
			"id": "2023-02-10-513748",
			"state": "Cancelled",
			"tags": {
				"cancellation_reason_id": "005"
			}
		}
	}
}